번호,발생시각,규모,깊이(km),"최대
진도",위도,경도,위치,지도보기,"상세정보
(진도 등)"
1089,2022/06/02 20:48:21,2.6,26,Ⅰ,38.12 N,130.98 E,경북 울릉군 울릉도 북쪽 71km 해역,지도,상세정보
1088,2022/05/13 6:50:56,2.3,21,Ⅰ,33.34 N,127.22 E,제주 서귀포시 동쪽 62km 해역,지도,상세정보
1087,2022/04/30 9:20:21,2.3,10,Ⅰ,38.98 N,127.29 E,북한 강원 원산 남남서쪽 24km 지역,지도,상세정보
1086,2022/04/21 2:34:32,2.3,-,Ⅰ,38.85 N,125.78 E,북한 황해북도 송림 북동쪽 18km 지역,지도,상세정보
1085,2022/04/18 14:22:38,2.3,11,Ⅲ,37.26 N,126.10 E,인천 옹진군 서남서쪽 52km 지역,지도,상세정보
1084,2022/04/17 23:33:29,2.3,9,Ⅲ,35.22 N,128.60 E,경남 창원시 마산회원구 동쪽 2km 지역,지도,상세정보
1083,2022/04/16 2:08:34,2.6,18,Ⅲ,34.75 N,127.26 E,전남 고흥군 북쪽 16km 지역,지도,상세정보
1082,2022/04/12 14:56:28,2.4,14,Ⅲ,36.82 N,129.47 E,경북 울진군 남남동쪽 20km 해역,지도,상세정보
1081,2022/04/10 2:45:46,3.4,18,Ⅲ,36.45 N,129.62 E,경북 영덕군 동쪽 23km 해역,지도,상세정보
1080,2022/04/09 10:55:42,2.2,19,Ⅱ,36.54 N,128.08 E,경북 상주시 북북서쪽 16km 지역,지도,상세정보
1079,2022/04/03 14:19:19,2,11,Ⅲ,35.69 N,129.35 E,경북 경주시 남남동쪽 22km 지역,지도,상세정보
1078,2022/03/16 18:18:18,2.3,-,Ⅰ,33.70 N,125.06 E,전남 신안군 흑산도 남남서쪽 113km 해역,지도,상세정보
1077,2022/03/15 0:22:27,2,12,Ⅰ,39.42 N,126.19 E,북한 평안남도 성천 북쪽 20km 지역,지도,상세정보
1076,2022/03/06 18:40:32,2.5,18,Ⅰ,37.31 N,129.54 E,강원 삼척시 동남동쪽 37km 해역,지도,상세정보
1075,2022/03/05 22:16:21,2.4,12,Ⅲ,36.39 N,127.13 E,충남 공주시 남쪽 6km 지역,지도,상세정보
1074,2022/03/04 2:15:37,2.1,29,Ⅰ,41.24 N,129.22 E,북한 함경북도 길주 북북서쪽 33km 지역,지도,상세정보
1073,2022/02/28 21:31:28,2.1,24,Ⅰ,41.25 N,129.28 E,북한 함경북도 길주 북쪽 33km 지역,지도,상세정보
1072,2022/02/24 12:07:10,2.2,21,Ⅰ,34.00 N,127.59 E,전남 여수시 거문도 동쪽 25km 해역,지도,상세정보
1071,2022/02/15 6:52:28,2.5,29,Ⅰ,41.29 N,129.23 E,북한 함경북도 길주 북북서쪽 38km 지역,지도,상세정보
1070,2022/02/14 19:47:27,2.3,18,Ⅰ,41.28 N,129.26 E,북한 함경북도 길주 북쪽 37km 지역,지도,상세정보
1069,2022/02/14 14:33:22,2.3,22,Ⅰ,41.27 N,129.24 E,북한 함경북도 길주 북북서쪽 36km 지역,지도,상세정보
1068,2022/02/11 10:35:26,3.1,17,Ⅰ,41.30 N,129.21 E,북한 함경북도 길주 북북서쪽 40km 지역,지도,상세정보
1067,2022/02/10 17:20:34,2.2,19,Ⅲ,35.29 N,126.59 E,전남 영광군 동북동쪽 7km 지역,지도,상세정보
1066,2022/02/08 15:57:13,2.9,16,Ⅰ,35.07 N,125.06 E,전남 신안군 흑산도 북서쪽 55km 해역,지도,상세정보
1065,2022/02/04 2:47:44,2.3,16,Ⅰ,37.41 N,129.51 E,강원 삼척시 동쪽 31km 해역,지도,상세정보
1064,2022/02/02 12:04:55,2.4,19,Ⅲ,35.72 N,128.99 E,경북 청도군 동북동쪽 24km 지역,지도,상세정보
1063,2022/01/28 6:46:53,2.3,9,Ⅱ,34.37 N,127.30 E,전남 고흥군 남쪽 26km 해역,지도,상세정보
1062,2021/12/30 17:54:56,2.2,14,Ⅰ,41.30 N,129.17 E,북한 함경북도 길주 북북서쪽 41km 지역,지도,상세정보
1061,2021/12/30 14:21:35,2.3,19,Ⅰ,41.31 N,129.21 E,북한 함경북도 길주 북북서쪽 41km 지역,지도,상세정보
1060,2021/12/17 6:22:10,3.2,18,Ⅲ,33.12 N,126.18 E,제주 서귀포시 서남서쪽 38km 해역,지도,상세정보
1059,2021/12/15 22:02:14,2.3,10,Ⅳ,35.79 N,127.80 E,경남 거창군 북서쪽 15km 지역,지도,상세정보
1058,2021/12/15 15:06:47,2.8,14,Ⅱ,33.14 N,126.15 E,제주 서귀포시 서남서쪽 40km 해역,지도,상세정보
1057,2021/12/14 17:19:14,4.9,17,Ⅴ,33.09 N,126.16 E,제주 서귀포시 서남서쪽 41km 해역,지도,지진분석서
1056,2021/12/09 10:57:47,2.6,17,Ⅰ,33.85 N,125.51 E,전남 신안군 흑산도 남쪽 91km 해역,지도,상세정보
1055,2021/12/04 12:33:22,2.3,20,Ⅰ,38.02 N,124.52 E,인천 옹진군 백령도 서북서쪽 16km 해역,지도,상세정보
1054,2021/11/22 5:19:31,2.1,7,Ⅱ,35.48 N,127.11 E,전북 순창군 북북서쪽 12km 지역,지도,상세정보
1053,2021/11/19 2:35:08,2.2,11,Ⅰ,33.85 N,124.77 E,전남 신안군 흑산도 남남서쪽 109km 해역,지도,상세정보
1052,2021/11/17 1:39:11,2.9,19,Ⅰ,35.66 N,129.75 E,울산 동구 동북동쪽 35km 해역,지도,상세정보
1051,2021/11/16 20:53:24,2.1,8,Ⅰ,34.50 N,125.90 E,전남 진도군 서쪽 33km 해역,지도,상세정보
1050,2021/11/16 11:57:58,2.1,18,Ⅰ,35.06 N,125.06 E,전남 신안군 흑산도 북서쪽 54km 해역,지도,상세정보
1049,2021/11/12 1:31:05,2.1,8,Ⅱ,36.15 N,129.38 E,경북 포항시 북구 북쪽 12km 지역,지도,상세정보
1048,2021/10/22 6:51:48,2.4,14,Ⅲ,36.90 N,128.22 E,충북 제천시 남쪽 26km 지역,지도,상세정보
1047,2021/10/19 22:13:31,2.2,22,Ⅰ,35.90 N,129.75 E,경북 포항시 남구 동남동쪽 37km 해역,지도,상세정보
1046,2021/10/19 6:45:03,2.8,-,Ⅰ,40.41 N,127.27 E,북한 함경남도 장진 북동쪽 4km 지역,지도,상세정보
1045,2021/10/19 6:41:35,2.6,-,Ⅰ,40.37 N,127.28 E,북한 함경남도 장진 동남동쪽 4km 지역,지도,상세정보
1044,2021/10/17 23:13:56,2.4,33,Ⅰ,41.26 N,129.45 E,북한 함경북도 길주 북북동쪽 36km 지역,지도,상세정보
1043,2021/10/11 22:00:53,2.5,20,Ⅰ,41.29 N,129.20 E,북한 함경북도 길주 북북서쪽 39km 지역,지도,상세정보
1042,2021/10/11 21:58:59,2.4,25,Ⅰ,41.30 N,129.18 E,북한 함경북도 길주 북북서쪽 40km 지역,지도,-
1041,2021/10/10 2:18:51,2.1,7,Ⅰ,35.10 N,125.06 E,전남 신안군 흑산도 북서쪽 58km 해역,지도,상세정보
1040,2021/10/06 21:55:48,2.5,13,Ⅲ,35.25 N,127.86 E,경남 하동군 북북동쪽 23km 지역,지도,상세정보
1039,2021/09/23 12:02:43,2.6,16,Ⅳ,35.42 N,128.49 E,경남 창녕군 남쪽 14km 지역,지도,상세정보
1038,2021/09/20 6:58:49,2.2,8,Ⅲ,34.88 N,127.25 E,전남 보성군 북동쪽 20km 지역,지도,상세정보
1037,2021/09/17 5:30:13,2.2,10,Ⅱ,36.71 N,126.11 E,충남 태안군 서남서쪽 17km 해역,지도,상세정보
1036,2021/09/14 3:36:01,2.2,16,Ⅲ,35.41 N,128.78 E,경남 밀양시 남남동쪽 11km 지역,지도,상세정보
1035,2021/09/12 2:04:46,2.1,13,Ⅱ,35.53 N,128.53 E,경남 창녕군 동남동쪽 4km 지역,지도,상세정보
1034,2021/09/11 3:47:27,2.1,8,Ⅰ,41.29 N,129.15 E,북한 함경북도 길주 북북서쪽 40km 지역,지도,상세정보
1033,2021/09/01 18:39:52,2.4,15,Ⅰ,41.30 N,129.13 E,북한 함경북도 길주 북북서쪽 42km 지역,지도,상세정보
1032,2021/08/29 18:47:20,2.6,15,Ⅰ,36.98 N,125.02 E,충남 태안군 서격렬비도 북서쪽 62km 해역,지도,상세정보
1031,2021/08/29 13:03:23,2.2,9,Ⅲ,35.31 N,128.49 E,경남 함안군 동북동쪽 9km 지역,지도,상세정보
1030,2021/08/28 7:03:22,2.2,15,Ⅲ,35.00 N,127.73 E,전남 광양시 북북동쪽 7km 지역,지도,상세정보
1029,2021/08/26 15:58:14,2.3,17,Ⅰ,35.07 N,125.12 E,전남 신안군 흑산도 북북서쪽 52km 해역,지도,상세정보
1028,2021/08/21 9:40:40,4,7,Ⅱ,35.70 N,124.70 E,전북 군산시 어청도 서남서쪽 124km 해역,지도,지진분석서
1027,2021/08/20 22:26:52,2.1,5,Ⅱ,38.37 N,127.99 E,북한 강원 회양 남동쪽 50km 지역,지도,상세정보
1026,2021/08/18 16:57:11,2.1,-,Ⅰ,35.10 N,129.84 E,부산 기장군 동남동쪽 58km 해역,지도,상세정보
1025,2021/08/15 9:32:43,2,18,Ⅰ,35.10 N,129.78 E,부산 기장군 동남동쪽 53km 해역,지도,상세정보
1024,2021/08/01 14:19:26,2.2,13,Ⅰ,35.65 N,129.53 E,울산 북구 동북동쪽 17km 해역,지도,상세정보
1023,2021/07/31 5:17:10,2.5,22,Ⅲ,35.65 N,128.40 E,대구 달성군 남남서쪽 14km 지역,지도,상세정보
1022,2021/07/26 6:50:56,2.2,14,Ⅲ,36.32 N,128.21 E,경북 상주시 남남동쪽 11km 지역,지도,상세정보
1021,2021/07/07 6:57:27,2.3,20,Ⅱ,36.77 N,128.46 E,경북 예천군 북쪽 14km 지역,지도,상세정보
1020,2021/06/14 22:42:17,2.4,20,Ⅰ,35.81 N,129.77 E,경북 포항시 남구 동남동쪽 43km 해역,지도,상세정보
1019,2021/06/13 23:57:32,2.5,15,Ⅰ,41.29 N,129.13 E,북한 함경북도 길주 북북서쪽 41km 지역,지도,상세정보
1018,2021/06/13 6:13:51,2,26,Ⅰ,36.97 N,130.34 E,경북 울릉군 울릉도 남서쪽 76km 해역,지도,상세정보
1017,2021/06/07 18:34:02,2.1,13,Ⅰ,33.68 N,128.07 E,전남 여수시 거문도 동남동쪽 80km 해역,지도,상세정보
1016,2021/05/30 23:53:53,2.4,9,Ⅰ,38.73 N,126.06 E,북한 황해북도 연산 남서쪽 23km 지역,지도,상세정보
1015,2021/05/26 6:13:24,2.2,-,Ⅰ,35.83 N,124.56 E,충남 태안군 서격렬비도 남서쪽 124km 해역,지도,상세정보
1014,2021/05/13 6:04:28,2,10,Ⅲ,35.89 N,127.33 E,전북 완주군 동쪽 15km 지역,지도,상세정보
1013,2021/05/04 22:42:08,2,19,Ⅰ,35.89 N,129.67 E,경북 포항시 남구 동남동쪽 31km 해역,지도,상세정보
1012,2021/04/30 16:15:04,2.1,7,Ⅲ,35.52 N,128.88 E,경남 밀양시 동쪽 12km 지역,지도,상세정보
1011,2021/04/29 5:12:25,2,18,Ⅰ,35.65 N,129.83 E,울산 동구 동북동쪽 41km 해역,지도,상세정보
1010,2021/04/28 12:00:40,2.5,20,Ⅰ,35.65 N,129.79 E,울산 동구 동북동쪽 37km 해역,지도,상세정보
1009,2021/04/25 17:07:59,2.3,5,Ⅰ,37.48 N,124.36 E,인천 옹진군 백령도 남남서쪽 60km 해역,지도,상세정보
1008,2021/04/23 2:41:27,2.2,6,Ⅰ,40.49 N,127.51 E,북한 함경남도 장진 동북동쪽 26km 지역,지도,상세정보
1007,2021/04/20 2:13:27,2.6,15,Ⅰ,35.08 N,125.05 E,전남 신안군 흑산도 북서쪽 57km 해역,지도,상세정보
1006,2021/04/19 15:48:52,2.7,20,Ⅰ,41.28 N,129.13 E,북한 함경북도 길주 북북서쪽 40km 지역,지도,상세정보
1005,2021/04/19 14:20:27,3.7,15,Ⅱ,35.07 N,125.08 E,전남 신안군 흑산도 북서쪽 54km 해역,지도,상세정보
1004,2021/04/16 1:43:23,2.2,11,Ⅲ,37.29 N,127.71 E,경기 여주시 동쪽 7km 지역,지도,상세정보
1003,2021/04/13 21:56:15,2,13,Ⅲ,36.02 N,126.91 E,전북 익산시 북북서쪽 9km 지역,지도,상세정보
1002,2021/03/16 2:51:52,2.6,18,Ⅲ,35.76 N,129.19 E,경북 경주시 남남서쪽 11km 지역,지도,상세정보
1001,2021/02/21 9:03:34,2.2,18,Ⅱ,35.47 N,126.34 E,전남 영광군 북서쪽 27km 해역,지도,상세정보
1000,2021/02/15 18:59:25,2.5,14,Ⅳ,35.99 N,126.84 E,전북 군산시 동북동쪽 10km 지역,지도,상세정보
999,2021/02/10 19:28:18,2.1,9,Ⅱ,37.32 N,126.24 E,인천 옹진군 서남서쪽 38km 해역,지도,상세정보
998,2021/02/08 7:46:51,2.3,24,Ⅰ,40.64 N,127.62 E,북한 함경남도 장진 북동쪽 43km 지역,지도,상세정보
997,2021/02/08 3:37:34,3.2,24,Ⅰ,40.67 N,127.45 E,북한 함경남도 장진 북북동쪽 37km 지역,지도,상세정보
996,2021/02/06 4:40:03,2.7,5,Ⅳ,35.81 N,127.53 E,전북 장수군 북쪽 18km 지역,지도,상세정보
995,2021/02/03 12:17:56,2.2,8,Ⅲ,37.32 N,126.24 E,인천 옹진군 서남서쪽 38km 해역,지도,상세정보
994,2021/01/24 6:23:05,2.1,11,Ⅰ,35.84 N,125.14 E,전북 군산시 어청도 서남서쪽 81km 해역,지도,상세정보
993,2021/01/14 8:17:28,2.1,-,Ⅰ,36.86 N,125.43 E,충남 태안군 서격렬비도 북북서쪽 30km 해역,지도,상세정보
992,2020/12/23 21:28:20,2.2,12,Ⅲ,37.73 N,126.73 E,경기 파주시 남서쪽 6km 지역,지도,상세정보
991,2020/12/18 17:17:23,2.7,16,Ⅱ,37.66 N,129.32 E,강원 동해시 북동쪽 24km 해역,지도,상세정보
990,2020/12/15 17:15:31,2.3,16,Ⅰ,37.70 N,125.17 E,북한 황해남도 옹진 남남서쪽 31km 해역,지도,상세정보
989,2020/11/19 23:17:28,3.1,15,Ⅰ,37.99 N,125.37 E,북한 황해남도 옹진 북쪽 7km 지역,지도,상세정보
988,2020/11/17 3:10:29,2.6,-,Ⅰ,41.28 N,129.18 E,북한 함경북도 길주 북북서쪽 38km 지역,지도,상세정보
987,2020/11/15 0:00:29,2.1,17,Ⅲ,35.76 N,129.18 E,경북 경주시 남남서쪽 11km 지역,지도,상세정보
986,2020/11/08 15:26:09,2.9,9,Ⅳ,36.41 N,128.22 E,경북 상주시 동쪽 5km 지역,지도,상세정보
985,2020/11/06 18:27:23,2,8,Ⅱ,36.43 N,128.14 E,경북 상주시 북서쪽 3km 지역,지도,상세정보
984,2020/11/04 16:50:30,2.4,22,Ⅰ,35.84 N,129.79 E,경북 포항시 남구 동남동쪽 43km 해역,지도,상세정보
983,2020/11/04 7:23:48,2.2,23,Ⅰ,35.83 N,129.78 E,경북 포항시 남구 동남동쪽 43km 해역,지도,상세정보
982,2020/11/04 4:41:54,2.8,-,Ⅰ,38.79 N,125.72 E,북한 황해북도 송림 북동쪽 10km 지역,지도,상세정보
981,2020/10/25 19:10:49,2.5,17,Ⅰ,33.89 N,125.65 E,전남 진도군 남서쪽 87km 해역,지도,상세정보
980,2020/10/24 15:09:01,2.1,21,Ⅰ,33.93 N,127.45 E,전남 여수시 거문도 남동쪽 16km 해역,지도,상세정보
979,2020/10/09 4:38:14,2.1,15,Ⅲ,35.75 N,129.17 E,경북 경주시 남남서쪽 13km 지역,지도,상세정보
978,2020/10/07 4:05:32,2.1,22,Ⅰ,33.92 N,127.44 E,전남 여수시 거문도 남동쪽 16km 해역,지도,상세정보
977,2020/10/03 1:37:30,2.3,-,Ⅰ,38.83 N,126.03 E,북한 황해북도 연산 서남서쪽 20km 지역,지도,상세정보
976,2020/10/02 22:29:50,2.6,-,Ⅰ,38.74 N,125.90 E,북한 황해북도 송림 동쪽 23km 지역,지도,상세정보
975,2020/10/02 21:31:23,2.5,-,Ⅰ,38.74 N,125.89 E,북한 황해북도 송림 동쪽 22km 지역,지도,상세정보
974,2020/09/22 20:08:54,2.1,15,Ⅱ,36.60 N,129.37 E,경북 영덕군 북쪽 21km 지역,지도,상세정보
973,2020/09/20 1:22:14,2.2,17,Ⅲ,36.51 N,127.14 E,충남 공주시 북북동쪽 7km 지역,지도,상세정보
972,2020/09/13 0:54:03,2.9,15,Ⅰ,37.64 N,124.60 E,인천 옹진군 백령도 남남서쪽 35km 해역,지도,상세정보
971,2020/09/12 13:31:05,2.4,15,Ⅱ,36.03 N,128.40 E,경북 칠곡군 북쪽 4km 지역,지도,상세정보
970,2020/09/02 19:43:06,2.3,-,Ⅱ,34.38 N,126.20 E,전남 진도군 남남서쪽 13km 지역,지도,상세정보
969,2020/08/21 3:52:51,2.5,14,Ⅱ,37.91 N,125.93 E,북한 황해남도 해주 남동쪽 24km 지역,지도,상세정보
968,2020/08/07 21:27:43,2.4,-,Ⅰ,41.30 N,129.09 E,북한 함경북도 길주 북북서쪽 43km 지역,지도,상세정보
967,2020/08/05 1:22:48,2,7,Ⅰ,38.85 N,125.71 E,북한 황해북도 송림 북북동쪽 14km 지역,지도,상세정보
966,2020/08/01 13:15:06,2,19,Ⅱ,36.77 N,128.48 E,경북 예천군 북쪽 13km 지역,지도,상세정보
965,2020/08/01 2:58:47,2,17,Ⅰ,38.65 N,127.16 E,북한 강원 평강 북북서쪽 29km 지역,지도,상세정보
964,2020/07/25 0:34:06,2.2,7,Ⅰ,34.06 N,125.54 E,전남 신안군 흑산도 남쪽 66km 해역,지도,상세정보
963,2020/07/20 19:02:00,2,11,Ⅰ,34.53 N,128.14 E,경남 남해군 남남동쪽 41km 해역,지도,상세정보
962,2020/07/15 15:20:47,2.4,-,Ⅰ,34.88 N,124.68 E,전남 신안군 흑산도 서북서쪽 77km 해역,지도,상세정보
961,2020/07/11 22:38:55,2.7,-,Ⅰ,37.88 N,129.58 E,강원 동해시 북동쪽 57km 해역,지도,상세정보
960,2020/07/07 14:08:23,3.3,12,Ⅲ,37.19 N,125.55 E,인천 옹진군 연평도 남남서쪽 54km 해역,지도,상세정보
959,2020/07/03 13:59:31,2.3,6,Ⅲ,37.18 N,128.71 E,강원 영월군 동쪽 22km 지역,지도,상세정보
958,2020/06/24 3:28:47,2.5,-,Ⅰ,38.66 N,125.95 E,북한 황해북도 사리원 북동쪽 24km 지역,지도,상세정보
957,2020/06/23 19:58:05,2.1,6,Ⅲ,37.86 N,126.90 E,경기 파주시 북동쪽 15km 지역,지도,상세정보
956,2020/06/21 9:49:52,2.3,9,Ⅱ,38.47 N,128.52 E,강원 고성군 북북동쪽 11km 해역,지도,상세정보
955,2020/06/08 0:52:10,2.1,5,Ⅲ,36.01 N,128.01 E,경북 김천시 남남서쪽 17km 지역,지도,상세정보
954,2020/06/04 2:21:01,2.5,6,Ⅰ,38.75 N,125.69 E,북한 황해북도 송림 동북동쪽 5km 지역,지도,상세정보
953,2020/05/27 19:23:28,2.8,6,Ⅲ,36.01 N,128.01 E,경북 김천시 남남서쪽 17km 지역,지도,상세정보
952,2020/05/22 21:18:32,2.1,11,Ⅰ,37.67 N,125.00 E,북한 황해남도 옹진 남서쪽 43km 해역,지도,상세정보
951,2020/05/13 15:19:02,2.8,12,Ⅲ,36.10 N,127.34 E,전북 완주군 북동쪽 27km 지역,지도,상세정보
950,2020/05/11 19:45:06,3.8,16,Ⅱ,38.68 N,127.18 E,북한 강원 평강 북북서쪽 32km 지역,지도,단층운동
949,2020/05/09 12:27:08,2.2,8,Ⅰ,38.87 N,126.22 E,북한 평안남도 성천 남쪽 41km 지역,지도,상세정보
948,2020/05/09 1:57:39,2.2,21,Ⅱ,34.66 N,126.40 E,전남 해남군 서북서쪽 21km 지역,지도,상세정보
947,2020/05/07 2:07:31,2.1,17,Ⅰ,34.77 N,124.68 E,전남 신안군 흑산도 서쪽 73km 해역,지도,상세정보
946,2020/05/05 6:44:29,2.4,-,Ⅰ,38.47 N,126.16 E,북한 황해북도 평산 북서쪽 26km 지역,지도,상세정보
945,2020/05/03 22:07:14,3.1,21,Ⅲ,34.66 N,126.40 E,전남 해남군 서북서쪽 21km 지역,지도,상세정보
944,2020/05/02 2:57:02,2.3,21,Ⅱ,34.66 N,126.40 E,전남 해남군 서북서쪽 21km 지역,지도,상세정보
943,2020/04/30 7:13:13,2.4,21,Ⅲ,34.66 N,126.40 E,전남 해남군 서북서쪽 21km 지역,지도,상세정보
942,2020/04/29 15:10:47,2.4,-,Ⅰ,39.39 N,126.13 E,북한 평안남도 성천 북북서쪽 18km 지역,지도,상세정보
941,2020/04/28 12:52:01,2.1,22,Ⅱ,34.66 N,126.41 E,전남 해남군 서북서쪽 20km 지역,지도,상세정보
940,2020/04/28 12:06:53,2.4,10,Ⅱ,36.16 N,127.43 E,충남 금산군 북서쪽 8km 지역,지도,상세정보
939,2020/04/27 11:07:10,2.8,6,Ⅳ,35.80 N,127.53 E,전북 장수군 북쪽 17km 지역,지도,상세정보
938,2020/04/24 2:07:22,2.3,15,Ⅰ,35.30 N,125.54 E,전남 신안군 흑산도 북쪽 73km 해역,지도,상세정보
937,2020/04/22 20:54:26,2.1,9,Ⅰ,38.11 N,130.01 E,강원 동해시 북동쪽 102km 해역,지도,상세정보
936,2020/04/18 7:36:28,2.3,14,Ⅱ,37.58 N,126.14 E,인천 강화군 서남서쪽 36km 해역,지도,상세정보
935,2020/04/03 19:44:35,2.2,-,Ⅰ,38.75 N,125.72 E,북한 황해북도 송림 동북동쪽 8km 지역,지도,상세정보
934,2020/03/20 16:02:45,2.7,9,Ⅲ,35.39 N,128.01 E,경남 산청군 동남동쪽 13km 지역,지도,상세정보
933,2020/03/10 1:16:33,2,12,Ⅰ,35.44 N,125.54 E,전북 군산시 어청도 남남서쪽 85km 해역,지도,상세정보
932,2020/02/29 22:03:50,2.4,8,Ⅰ,38.45 N,126.17 E,북한 황해북도 평산 북서쪽 24km 지역,지도,상세정보
931,2020/02/29 22:02:19,2.7,8,Ⅰ,38.46 N,126.17 E,북한 황해북도 평산 북서쪽 24km 지역,지도,상세정보
930,2020/02/16 20:03:35,2.7,19,Ⅰ,36.26 N,130.49 E,경북 영덕군 동쪽 102km 해역,지도,상세정보
929,2020/02/09 14:41:26,2.4,9,Ⅲ,35.77 N,129.03 E,경북 경주시 서남서쪽 18km 지역,지도,상세정보
928,2020/01/30 0:52:52,3.2,21,Ⅲ,36.59 N,128.12 E,경북 상주시 북쪽 20km 지역,지도,상세정보
927,2020/01/29 9:33:47,2.5,-,Ⅰ,41.29 N,129.11 E,북한 함경북도 길주 북북서쪽 41km 지역,지도,상세정보
926,2020/01/15 22:46:11,2.1,8,Ⅱ,37.11 N,128.29 E,충북 제천시 동남동쪽 9km 지역,지도,상세정보
925,2020/01/08 6:03:00,2,17,Ⅰ,35.91 N,128.38 E,경북 성주군 동쪽 9km 지역,지도,상세정보
924,2019/12/30 1:44:02,2.1,19,Ⅱ,35.56 N,128.90 E,경남 밀양시 동북동쪽 15km 지역,지도,상세정보
923,2019/12/30 0:32:08,3.5,20,Ⅳ,35.56 N,128.90 E,경남 밀양시 동북동쪽 15km 지역,지도,상세정보
922,2019/12/29 8:43:26,2.3,17,Ⅰ,33.33 N,127.16 E,제주 서귀포시 동쪽 56km 해역,지도,상세정보
921,2019/12/24 6:19:16,2.4,18,Ⅰ,33.29 N,127.16 E,제주 서귀포시 동쪽 56km 해역,지도,상세정보
920,2019/12/17 16:00:30,2.1,11,Ⅰ,38.01 N,126.00 E,북한 황해남도 해주 동쪽 25km 지역,지도,상세정보
919,2019/12/15 14:15:40,2,11,Ⅲ,37.16 N,126.22 E,충남 서산시 북북서쪽 46km 해역,지도,상세정보
918,2019/12/12 20:29:55,2.1,21,Ⅰ,33.55 N,126.92 E,제주 제주시 동쪽 36km 해역,지도,상세정보
917,2019/12/08 12:09:24,2,-,Ⅰ,35.12 N,124.96 E,전남 신안군 흑산도 북서쪽 70km 해역,지도,상세정보
916,2019/12/04 17:19:20,2.6,9,Ⅰ,33.94 N,124.70 E,전남 신안군 흑산도 남서쪽 106km 해역,지도,상세정보
915,2019/11/29 12:04:43,2,21,Ⅰ,36.86 N,129.79 E,경북 울진군 동남동쪽 38km 해역,지도,상세정보
914,2019/11/21 19:55:50,2.4,12,Ⅰ,33.83 N,128.09 E,전남 여수시 거문도 동남동쪽 75km 해역,지도,상세정보
913,2019/11/21 6:08:07,2.3,6,Ⅰ,35.13 N,124.93 E,전남 신안군 흑산도 북서쪽 73km 해역,지도,상세정보
912,2019/11/09 23:14:14,2.4,9,Ⅰ,37.62 N,124.65 E,인천 옹진군 백령도 남쪽 37km 해역,지도,상세정보
911,2019/10/31 16:29:34,2.1,-,Ⅲ,37.24 N,126.11 E,인천 옹진군 서남서쪽 52km 지역,지도,상세정보
910,2019/10/30 2:01:41,2.3,5,Ⅰ,36.68 N,128.61 E,경북 안동시 북서쪽 16km 지역,지도,상세정보
909,2019/10/27 15:37:26,3.4,11,Ⅳ,35.41 N,128.49 E,경남 창녕군 남쪽 15km 지역,지도,상세정보
908,2019/10/20 0:05:10,2.2,10,Ⅰ,33.41 N,125.13 E,제주 제주시 서쪽 130km 해역,지도,상세정보
907,2019/10/15 22:30:59,2.3,-,Ⅰ,38.77 N,125.71 E,북한 황해북도 송림 동북동쪽 8km 지역,지도,상세정보
906,2019/10/13 19:52:44,2,20,Ⅰ,36.53 N,129.65 E,경북 영덕군 동북동쪽 28km 해역,지도,상세정보
905,2019/10/12 20:46:03,2.5,17,Ⅰ,35.18 N,129.77 E,울산 동구 남동쪽 48km 해역,지도,상세정보
904,2019/10/04 3:57:23,2.6,9,Ⅲ,35.47 N,128.86 E,경남 밀양시 동남동쪽 11km 지역,지도,상세정보
903,2019/10/02 22:36:57,2.3,11,Ⅰ,38.79 N,125.78 E,북한 황해북도 송림 동북동쪽 14km 지역,지도,상세정보
902,2019/09/26 2:57:31,2.3,8,Ⅰ,36.09 N,129.33 E,경북 포항시 북구 북북서쪽 6km 지역,지도,상세정보
901,2019/09/22 11:07:27,3.3,17,Ⅱ,34.16 N,125.16 E,전남 신안군 흑산도 남남서쪽 62km 해역,지도,상세정보
900,2019/09/21 15:11:16,3.5,17,Ⅱ,38.67 N,127.17 E,북한 강원 평강 북북서쪽 31km 지역,지도,단층운동
899,2019/09/19 18:19:05,2.6,6,Ⅰ,33.65 N,124.99 E,전남 신안군 흑산도 남남서쪽 120km 해역,지도,상세정보
898,2019/09/11 4:52:07,2,9,Ⅰ,38.13 N,127.09 E,경기 연천군 북북동쪽 4km 지역,지도,상세정보
897,2019/09/07 23:38:06,2,14,Ⅰ,35.48 N,129.54 E,울산 동구 동남동쪽 12km 해역,지도,상세정보
896,2019/09/01 12:58:34,2.3,16,Ⅰ,39.51 N,126.10 E,북한 평안남도 개천 남동쪽 27km 지역,지도,상세정보
895,2019/08/28 14:22:29,2.5,26,Ⅰ,36.24 N,130.01 E,경북 영덕군 동남동쪽 61km 해역,지도,상세정보
894,2019/08/23 19:50:48,2.7,7,Ⅲ,37.96 N,124.69 E,인천 옹진군 백령도 북동쪽 1km 지역,지도,상세정보
893,2019/08/20 10:34:52,2.8,22,Ⅰ,33.57 N,124.81 E,전남 신안군 흑산도 남남서쪽 135km 해역,지도,상세정보
892,2019/08/11 18:19:50,2.1,10,Ⅰ,37.97 N,124.63 E,인천 옹진군 백령도 서북서쪽 5km 지역,지도,상세정보
891,2019/08/10 22:45:57,2.3,18,Ⅰ,33.78 N,126.92 E,전남 여수시 거문도 남서쪽 45km 해역,지도,상세정보
890,2019/08/09 19:30:43,2.2,-,Ⅰ,39.31 N,124.71 E,북한 평안북도 철산 남쪽 51km 해역,지도,상세정보
889,2019/07/30 5:45:15,2.1,6,Ⅱ,35.00 N,128.30 E,경남 고성군 북서쪽 4km 지역,지도,상세정보
888,2019/07/25 1:46:09,2.8,13,Ⅰ,37.35 N,129.84 E,경북 울진군 북동쪽 56km 해역,지도,상세정보
887,2019/07/22 1:15:45,2,13,Ⅰ,35.82 N,125.56 E,전북 군산시 어청도 남서쪽 50km 해역,지도,상세정보
886,2019/07/21 11:04:18,3.9,14,Ⅳ,36.50 N,128.10 E,경북 상주시 북북서쪽 11km 지역,지도,상세정보
885,2019/07/20 0:38:40,2,15,Ⅰ,36.33 N,128.08 E,경북 상주시 남서쪽 11km 지역,지도,상세정보
884,2019/07/10 1:55:40,2.1,6,Ⅰ,38.70 N,125.73 E,북한 황해북도 송림 동남동쪽 9km 지역,지도,상세정보
883,2019/07/08 14:04:44,2.2,20,Ⅰ,37.89 N,129.55 E,강원 동해시 북동쪽 56km 해역,지도,상세정보
882,2019/07/02 20:51:51,2.7,21,Ⅰ,35.88 N,129.69 E,경북 포항시 남구 동남동쪽 33km 해역,지도,상세정보
881,2019/06/27 15:39:46,2.1,-,Ⅰ,38.75 N,125.71 E,북한 황해북도 송림 동북동쪽 7km 지역,지도,상세정보
880,2019/06/27 15:37:27,2.5,-,Ⅰ,38.77 N,125.70 E,북한 황해북도 송림 북동쪽 7km 지역,지도,상세정보
879,2019/06/27 15:19:51,3.9,-,Ⅰ,38.80 N,125.69 E,북한 황해북도 송림 북동쪽 9km 지역,지도,상세정보
878,2019/06/23 18:41:15,2.4,16,Ⅲ,36.69 N,128.41 E,경북 예천군 북서쪽 5km 지역,지도,상세정보
877,2019/06/23 13:15:09,2.4,6,Ⅰ,38.75 N,125.73 E,북한 황해북도 송림 동쪽 8km 지역,지도,상세정보
876,2019/06/23 5:26:22,3.4,-,Ⅰ,38.81 N,125.70 E,북한 황해북도 송림 북동쪽 10km 지역,지도,상세정보
875,2019/06/22 5:49:36,3.4,-,Ⅰ,38.81 N,125.70 E,북한 황해북도 송림 북동쪽 10km 지역,지도,상세정보
874,2019/06/22 5:43:59,2.7,-,Ⅰ,38.81 N,125.71 E,북한 황해북도 송림 북동쪽 10km 지역,지도,상세정보
873,2019/06/21 13:20:41,2.5,7,Ⅰ,38.81 N,125.68 E,북한 황해북도 송림 북북동쪽 9km 지역,지도,상세정보
872,2019/06/15 22:07:11,2.2,21,Ⅲ,35.71 N,126.36 E,전북 부안군 서쪽 34km 해역,지도,상세정보
871,2019/06/11 23:18:53,2.5,19,Ⅲ,35.76 N,129.19 E,경북 경주시 남남서쪽 9km 지역,지도,상세정보
870,2019/05/17 11:08:33,2.4,6,Ⅰ,38.37 N,126.30 E,북한 황해북도 평산 서북서쪽 9km 지역,지도,상세정보
869,2019/05/16 0:35:45,3.3,5,Ⅰ,39.15 N,126.47 E,북한 평안남도 양덕 서남서쪽 16km 지역,지도,상세정보
868,2019/05/13 23:50:38,2.4,17,Ⅰ,33.35 N,127.17 E,제주 서귀포시 동쪽 58km 해역,지도,상세정보
867,2019/05/10 16:05:58,2,12,Ⅰ,36.56 N,129.64 E,경북 영덕군 동북동쪽 29km 해역,지도,상세정보
866,2019/05/05 16:57:04,2.1,18,Ⅰ,36.55 N,129.54 E,경북 영덕군 북동쪽 22km 해역,지도,상세정보
865,2019/05/04 5:43:15,2.4,6,Ⅰ,37.42 N,124.56 E,인천 옹진군 백령도 남쪽 60km 해역,지도,상세정보
864,2019/04/27 1:10:06,2.5,17,Ⅰ,33.79 N,126.09 E,제주 제주시 북서쪽 52km 해역,지도,상세정보
863,2019/04/22 5:45:19,3.8,21,Ⅲ,36.86 N,129.80 E,경북 울진군 동남동쪽 38km 해역,지도,상세정보
862,2019/04/19 11:16:43,4.3,32,Ⅳ,37.88 N,129.54 E,강원 동해시 북동쪽 54km 해역,지도,상세정보
861,2019/03/28 16:21:56,2.2,16,Ⅰ,33.62 N,126.94 E,제주 제주시 동북동쪽 40km 해역,지도,상세정보
860,2019/03/21 7:13:35,2.7,6,Ⅰ,37.56 N,125.20 E,북한 황해남도 옹진 남남서쪽 43km 해역,지도,상세정보
859,2019/03/21 4:41:05,2.8,11,Ⅰ,41.32 N,129.09 E,북한 함경북도 길주 북북서쪽 45km 지역,지도,-
858,2019/03/19 5:31:06,2.2,11,Ⅰ,38.01 N,126.00 E,북한 황해남도 해주 동쪽 25km 지역,지도,상세정보
857,2019/03/17 19:28:00,2.3,13,Ⅱ,36.34 N,127.87 E,충북 옥천군 동쪽 27km 지역,지도,상세정보
856,2019/03/13 12:20:20,2.4,13,Ⅰ,33.63 N,126.93 E,제주 제주시 동북동쪽 40km 해역,지도,상세정보
855,2019/03/11 4:27:00,2.4,15,Ⅰ,33.47 N,126.40 E,제주 제주시 서남서쪽 13km 지역,지도,상세정보
854,2019/03/09 15:06:45,2,12,Ⅱ,36.82 N,128.73 E,경북 봉화군 남쪽 8km 지역,지도,상세정보
853,2019/03/03 14:25:57,2.5,-,Ⅰ,39.63 N,127.12 E,북한 함경남도 금야 북서쪽 15km 지역,지도,상세정보
852,2019/02/27 21:22:35,2.2,12,Ⅰ,37.31 N,124.74 E,인천 옹진군 백령도 남쪽 72km 해역,지도,상세정보
851,2019/02/25 9:30:34,2.9,10,Ⅲ,36.77 N,129.03 E,경북 영양군 북북서쪽 14km 지역,지도,상세정보
850,2019/02/20 22:14:47,2.9,14,Ⅰ,36.51 N,125.50 E,충남 태안군 서격렬비도 남남서쪽 12km 해역,지도,상세정보
849,2019/02/18 5:33:10,2.4,19,Ⅱ,36.72 N,128.41 E,경북 예천군 북북서쪽 8km 지역,지도,상세정보
848,2019/02/17 22:19:01,2.6,12,Ⅲ,33.29 N,126.25 E,제주 서귀포시 서쪽 29km 지역,지도,상세정보
847,2019/02/13 5:16:13,2.7,21,Ⅰ,38.90 N,125.86 E,북한 평양 남동쪽 17km 지역,지도,상세정보
846,2019/02/10 14:12:38,2.5,21,Ⅰ,36.16 N,129.85 E,경북 포항시 북구 동북동쪽 45km 해역,지도,상세정보
845,2019/02/10 12:53:38,4.1,21,Ⅲ,36.16 N,129.90 E,경북 포항시 북구 동북동쪽 50km 해역,지도,상세정보
844,2019/01/31 19:57:45,2.2,19,Ⅰ,36.53 N,129.66 E,경북 영덕군 동북동쪽 29km 해역,지도,상세정보
843,2019/01/17 21:34:02,2.7,17,Ⅰ,33.94 N,127.62 E,전남 여수시 거문도 동남동쪽 30km 해역,지도,상세정보
842,2019/01/13 21:09:20,2,17,Ⅲ,37.02 N,127.93 E,충북 충주시 북쪽 3km 지역,지도,상세정보
841,2019/01/10 5:31:05,2.5,17,Ⅳ,35.79 N,129.20 E,경북 경주시 남남서쪽 5km 지역,지도,상세정보
840,2019/01/09 3:10:23,3.7,18,Ⅰ,37.37 N,124.23 E,인천 옹진군 백령도 남남서쪽 76km 해역,지도,상세정보
839,2019/01/02 13:12:27,2.2,5,Ⅰ,36.77 N,128.31 E,경북 문경시 북북동쪽 23km 지역,지도,단층운동
838,2019/01/02 7:20:29,2.8,12,,41.30 N,129.21 E,북한 함경북도 길주 북북서쪽 40km 지역,지도,-
837,2019/01/01 6:49:51,3.1,19,Ⅲ,36.53 N,129.66 E,경북 영덕군 동북동쪽 29km 해역,지도,상세정보
836,2018/12/27 3:10:48,2,5,Ⅱ,36.99 N,128.89 E,경북 봉화군 북동쪽 18km 지역,지도,상세정보
835,2018/12/21 16:06:12,2.7,12,Ⅲ,35.76 N,127.95 E,경남 거창군 북북동쪽 9km 지역,지도,상세정보
834,2018/12/20 13:23:24,2,21,Ⅰ,35.88 N,129.69 E,경북 포항시 남구 동남동쪽 33km 해역,지도,상세정보
833,2018/12/17 2:16:27,2.2,20,Ⅱ,36.53 N,129.65 E,경북 영덕군 동북동쪽 28km 해역,지도,상세정보
832,2018/12/12 3:43:04,2.1,12,Ⅰ,35.72 N,126.78 E,전북 부안군 동남동쪽 4km 지역,지도,상세정보
831,2018/12/09 14:06:18,2.2,19,Ⅱ,35.86 N,129.69 E,경북 포항시 남구 동남동쪽 34km 해역,지도,상세정보
830,2018/12/08 4:16:41,2.4,17,Ⅰ,36.31 N,128.25 E,경북 구미시 북북서쪽 23km 지역,지도,상세정보
829,2018/12/05 8:28:20,2.5,17,Ⅰ,36.45 N,129.62 E,경북 영덕군 동쪽 23km 해역,지도,상세정보
828,2018/12/05 8:01:08,2.1,17,Ⅰ,36.45 N,129.62 E,경북 영덕군 동쪽 23km 해역,지도,상세정보
827,2018/11/29 14:52:39,2.1,17,Ⅰ,37.32 N,129.69 E,경북 울진군 북동쪽 44km 해역,지도,상세정보
826,2018/11/29 3:05:23,3.3,13,Ⅰ,34.94 N,124.53 E,전남 신안군 흑산도 서북서쪽 92km 해역,지도,상세정보
825,2018/11/25 23:27:27,2.1,12,Ⅰ,33.15 N,126.09 E,제주 서귀포시 서남서쪽 45km 해역,지도,상세정보
824,2018/11/25 2:58:33,2.2,-,Ⅰ,38.73 N,125.92 E,북한 황해북도 송림 동쪽 25km 지역,지도,-
823,2018/11/24 8:16:44,2.9,10,Ⅰ,38.70 N,127.16 E,북한 강원 평강 북북서쪽 34km 지역,지도,-
822,2018/11/22 18:36:18,2.2,19,Ⅰ,35.91 N,129.71 E,경북 포항시 남구 동남동쪽 33km 해역,지도,-
821,2018/11/20 14:10:27,2.3,17,Ⅰ,33.52 N,127.29 E,전남 여수시 거문도 남쪽 57km 해역,지도,-
820,2018/11/19 3:34:49,2.1,19,,36.42 N,127.30 E,대전 유성구 북서쪽 8km 지역,지도,-
819,2018/11/05 12:07:15,3.1,15,Ⅰ,37.85 N,124.87 E,인천 옹진군 백령도 남동쪽 20km 해역,지도,-
818,2018/11/05 12:01:55,3.2,-,Ⅱ,37.80 N,124.90 E,인천 옹진군 백령도 남동쪽 26km 해역,지도,-
817,2018/11/04 17:04:44,2.5,15,Ⅱ,36.08 N,128.25 E,경북 김천시 동남동쪽 14km 지역,지도,-
816,2018/10/25 5:53:46,2.3,16,,35.76 N,129.19 E,경북 경주시 남남서쪽 9km 지역,지도,-
815,2018/10/24 15:14:21,2.2,7,Ⅰ,38.04 N,125.37 E,북한 황해남도 옹진 북쪽 12km 지역,지도,-
814,2018/10/22 12:09:26,2.1,11,Ⅰ,35.61 N,124.94 E,전북 군산시 어청도 서남서쪽 109km 해역,지도,-
813,2018/10/20 1:22:40,2.6,-,Ⅰ,37.26 N,129.96 E,경북 울진군 동북동쪽 58km 해역,지도,-
812,2018/10/17 3:14:44,2,14,Ⅱ,36.16 N,127.30 E,충남 논산시 동쪽 18km 지역,지도,-
811,2018/10/14 14:46:03,2.4,-,Ⅰ,37.49 N,124.58 E,인천 옹진군 백령도 남쪽 52km 해역,지도,-
810,2018/10/12 16:43:00,2.3,13,Ⅰ,38.67 N,127.18 E,북한 강원 평강 북북서쪽 30km 지역,지도,-
809,2018/09/27 12:24:32,2.4,-,Ⅰ,38.74 N,125.70 E,북한 황해북도 송림 동쪽 6km 지역,지도,-
808,2018/09/25 4:05:47,2.5,16,Ⅰ,33.46 N,125.80 E,제주 제주시 서쪽 68km 해역,지도,-
807,2018/09/24 17:38:25,2.8,-,Ⅰ,40.20 N,127.70 E,북한 함경남도 신흥 북동쪽 30km 지역,지도,-
806,2018/09/17 10:52:48,2.4,12,Ⅱ,36.05 N,129.69 E,경북 포항시 북구 동쪽 29km 해역,지도,-
805,2018/09/15 21:45:44,2.4,-,Ⅰ,37.07 N,129.91 E,경북 울진군 동쪽 46km 해역,지도,-
804,2018/09/14 9:08:13,2.2,14,Ⅱ,36.78 N,128.36 E,경북 문경시 북동쪽 26km 지역,지도,-
803,2018/08/29 5:01:29,2.5,11,Ⅰ,37.00 N,129.32 E,경북 울진군 서쪽 7km 지역,지도,-
802,2018/08/24 21:28:24,2.1,18,Ⅰ,34.33 N,127.42 E,전남 고흥군 남남동쪽 34km 해역,지도,-
801,2018/08/24 2:57:16,2.6,12,Ⅰ,37.92 N,125.68 E,북한 황해남도 해주 남남서쪽 14km 지역,지도,-
800,2018/08/15 3:02:02,2.5,26,Ⅰ,37.27 N,130.63 E,경북 울릉군 울릉도 남서쪽 34km 해역,지도,-
799,2018/08/10 21:41:19,2.4,-,Ⅰ,33.21 N,127.53 E,제주 서귀포시 동쪽 90km 해역,지도,-
798,2018/08/09 0:23:08,2.1,-,Ⅰ,37.03 N,125.27 E,충남 태안군 서격렬비도 북북서쪽 53km 해역,지도,-
797,2018/08/09 0:21:24,2.1,-,Ⅰ,37.03 N,125.30 E,충남 태안군 서격렬비도 북북서쪽 51km 해역,지도,-
796,2018/07/22 13:59:11,2.9,13,Ⅰ,33.41 N,125.91 E,제주 제주시 서쪽 58km 해역,지도,-
795,2018/07/21 23:30:47,2.2,13,Ⅱ,34.47 N,127.25 E,전남 고흥군 남남서쪽 16km 해역,지도,-
794,2018/07/20 12:29:33,2.3,21,Ⅰ,35.84 N,129.79 E,경북 포항시 남구 동남동쪽 43km 해역,지도,-
793,2018/07/20 12:14:33,2.4,20,Ⅰ,36.01 N,126.16 E,전북 군산시 어청도 남동쪽 21km 해역,지도,-
792,2018/07/19 5:52:11,2.5,23,Ⅰ,35.83 N,129.80 E,경북 포항시 남구 동남동쪽 44km 해역,지도,-
791,2018/07/17 20:19:12,2.7,-,Ⅳ,35.91 N,127.81 E,전북 무주군 남동쪽 17km 지역,지도,-
790,2018/07/04 4:39:40,2.1,10,,37.30 N,127.70 E,경기 여주시 동쪽 6km 지역,지도,-
789,2018/07/01 15:33:22,2.2,18,,37.63 N,129.48 E,강원 삼척시 북동쪽 34km 해역,지도,-
788,2018/06/28 21:03:26,2.2,-,,36.99 N,125.25 E,충남 태안군 서격렬비도 북북서쪽 50km 해역,지도,-
787,2018/06/28 18:43:00,2.7,9,Ⅲ,38.18 N,127.34 E,강원 철원군 북북동쪽 4km 지역,지도,-
786,2018/06/20 23:06:49,2.1,14,,34.90 N,124.81 E,전남 신안군 흑산면 서북서쪽 66km 해역,지도,-
785,2018/06/16 21:05:25,2.3,-,,37.19 N,129.08 E,강원 삼척시 남남서쪽 30km 지역,지도,-
784,2018/06/15 11:10:02,2.1,14,,36.39 N,128.49 E,경북 의성군 서북서쪽 19km 지역,지도,-
783,2018/06/09 17:38:46,2.3,18,Ⅰ,35.87 N,129.73 E,경북 포항시 남구 동남동쪽 37km 해역,지도,-
782,2018/05/31 16:38:15,2.8,8,,38.53 N,127.68 E,북한 강원 회양 남남동쪽 19km 지역,지도,-
781,2018/05/31 0:13:22,2.6,17,,36.22 N,129.38 E,경북 포항시 북구 북쪽 20km 지역,지도,-
780,2018/05/22 0:12:41,2.2,18,,36.37 N,129.49 E,경북 영덕군 동남동쪽 12km 해역,지도,-
779,2018/05/20 13:58:31,2,10,,34.16 N,125.61 E,전남 신안군 흑산면 남남동쪽 56km 해역,지도,-
778,2018/05/14 2:07:38,2.5,16,,33.62 N,125.58 E,제주 제주시 고산 서북서쪽 65km 해역,지도,-
777,2018/05/07 1:52:08,2,16,,36.72 N,128.37 E,경북 예천군 북서쪽 10km 지역,지도,-
776,2018/05/04 19:20:49,2,12,,36.10 N,127.70 E,충북 영동군 남서쪽 11km 지역,지도,-
775,2018/05/02 12:34:36,2.5,11,,36.56 N,127.63 E,충북 보은군 북서쪽 11km 지역,지도,-
774,2018/05/01 19:09:05,2,15,,35.77 N,129.20 E,경북 경주시 남쪽 8km 지역,지도,-
773,2018/04/24 5:20:32,2.5,10,,37.06 N,125.92 E,인천 옹진군 덕적도 남서쪽 27km 해역,지도,-
772,2018/04/23 13:10:21,2.4,17,,33.21 N,126.40 E,제주 서귀포시 서남서쪽 16km 해역,지도,-
771,2018/04/23 4:31:17,2.3,-,,41.35 N,129.12 E,북한 함경북도 길주 북북서쪽 47km 지역,지도,-
770,2018/04/09 12:15:40,2.4,16,,35.76 N,129.19 E,경북 경주시 남남서쪽 8km 지역,지도,-
769,2018/04/06 21:09:11,2.6,24,,36.08 N,129.82 E,경북 포항시 북구 동쪽 41km 해역,지도,-
768,2018/03/31 0:20:12,2,8,,36.10 N,129.36 E,경북 포항시 북구 북쪽 7km 지역,지도,-
767,2018/03/26 9:40:39,2.7,-,,37.78 N,124.84 E,인천 백령도 남동쪽 24km 해역,지도,-
766,2018/03/16 18:02:47,2.7,12,,36.10 N,129.35 E,경북 포항시 북구 북북서쪽 7km 지역,지도,-
765,2018/03/16 0:23:23,2,6,,36.98 N,128.42 E,충북 단양군 동남동쪽 5km 지역,지도,-
764,2018/03/10 1:31:39,2.8,6,,36.14 N,129.37 E,경북 포항시 북구 북쪽 11km 지역,지도,-
763,2018/03/09 18:05:37,2.2,7,,36.95 N,126.45 E,충남 서산시 북쪽 18km 지역,지도,-
762,2018/03/08 23:38:41,2,17,,35.31 N,127.32 E,전남 곡성군 북동쪽 4km 지역,지도,-
761,2018/03/08 23:16:47,2,15,,35.30 N,127.33 E,전남 곡성군 동북동쪽 4km 지역,지도,-
760,2018/03/04 0:52:47,2.6,9,,38.13 N,130.33 E,경북 울릉군 북서쪽 88km 해역,지도,-
759,2018/02/27 13:14:45,2.4,13,,37.09 N,124.87 E,충남 태안군 서격렬비도 북서쪽 80km 해역,지도,-
758,2018/02/26 11:06:57,2.5,6,,34.52 N,125.32 E,전남 신안군 흑산면 남서쪽 20km 해역,지도,-
757,2018/02/26 2:23:03,2.4,16,,33.97 N,126.87 E,전남 완도군 남남동쪽 39km 해역,지도,-
756,2018/02/18 3:34:27,2.4,9,,36.07 N,129.33 E,경북 포항시 북구 북서쪽 4km 지역,지도,-
755,2018/02/17 23:38:56,2.2,10,,36.10 N,129.35 E,경북 포항시 북구 북북서쪽 6km 지역,지도,-
754,2018/02/17 21:31:18,2.6,8,,36.09 N,129.33 E,경북 포항시 북구 북북서쪽 6km 지역,지도,-
753,2018/02/17 18:35:48,2,12,,36.11 N,129.37 E,경북 포항시 북구 북쪽 8km 지역,지도,-
752,2018/02/14 2:14:26,2.3,8,,37.80 N,125.38 E,북한 황해남도 옹진 남쪽 14km 해역,지도,-
751,2018/02/13 10:32:10,2.5,10,,36.12 N,129.37 E,경북 포항시 북구 북쪽 9km 지역,지도,-
750,2018/02/13 6:30:12,2.6,9,,36.07 N,129.33 E,경북 포항시 북구 북서쪽 5km 지역,지도,-
749,2018/02/11 12:49:37,2.4,16,,36.08 N,129.33 E,경북 포항시 북구 북서쪽 5km 지역,지도,-
748,2018/02/11 12:14:28,2.1,9,,36.08 N,129.32 E,경북 포항시 북구 북서쪽 6km 지역,지도,-
747,2018/02/11 8:11:38,2.1,13,,36.08 N,129.34 E,경북 포항시 북구 북북서쪽 5km 지역,지도,-
746,2018/02/11 5:38:06,2.1,10,,36.09 N,129.32 E,경북 포항시 북구 북서쪽 7km 지역,지도,-
745,2018/02/11 5:18:56,2.1,8,,36.07 N,129.32 E,경북 포항시 북구 북서쪽 5km 지역,지도,-
744,2018/02/11 5:14:05,2.2,10,,36.08 N,129.33 E,경북 포항시 북구 북서쪽 5km 지역,지도,-
743,2018/02/11 5:12:06,2.2,11,,36.07 N,129.34 E,경북 포항시 북구 북서쪽 4km 지역,지도,-
742,2018/02/11 5:07:23,2.5,12,,36.08 N,129.33 E,경북 포항시 북구 북서쪽 5km 지역,지도,-
741,2018/02/11 5:03:03,4.6,14,,36.08 N,129.33 E,경북 포항시 북구 북서쪽 5km 지역,지도,-
740,2018/02/10 1:32:38,2.4,10,,36.60 N,125.76 E,충남 태안군 서격렬비도 동쪽 20km 해역,지도,-
739,2018/02/09 0:43:45,2.5,-,,33.92 N,125.22 E,전남 신안군 흑산면 남남서쪽 85km 해역,지도,-
738,2018/02/08 9:56:49,2.7,9,,35.10 N,124.99 E,전남 신안군 흑산면 북서쪽 67km 해역,지도,-
737,2018/02/08 6:46:01,2.7,-,,41.32 N,129.09 E,북한 함경북도 길주 북북서쪽 45km 지역,지도,-
736,2018/02/06 19:53:53,2.6,-,,41.33 N,129.10 E,북한 함경북도 길주 북북서쪽 46Km 지역,지도,-
735,2018/02/06 9:18:33,2.5,12,,36.08 N,129.33 E,경북 포항시 북구 북서쪽 5km 지역,지도,-
734,2018/02/04 22:20:35,2.3,8,,36.06 N,129.31 E,경북 포항시 북구 서북서쪽 5km 지역,지도,-
733,2018/02/04 18:50:25,2.8,14,,36.37 N,127.62 E,충북 옥천군 북북동쪽 8km 지역,지도,-
732,2018/02/04 15:43:38,2.1,7,,36.11 N,129.36 E,경북 포항시 북구 북쪽 8km 지역,지도,-
731,2018/02/03 12:35:01,2.6,19,,33.77 N,127.40 E,전남 여수시 거문도 남남동쪽 30km 해역,지도,-
730,2018/02/03 11:12:18,2,6,,36.14 N,129.36 E,경북 포항시 북구 북쪽 11km 지역,지도,-
729,2018/02/02 12:21:12,2.9,9,,36.12 N,129.37 E,경북 포항시 북구 북쪽 9km 지역,지도,-
728,2018/01/28 20:07:06,3.2,6,,40.24 N,127.30 E,북한 함경남도 장진 남남동쪽 16km 지역,지도,-
727,2018/01/24 1:25:17,2.4,16,,34.32 N,127.32 E,전남 여수시 거문도 북쪽 32km 해역,지도,-
726,2018/01/10 18:42:59,2,20,,36.26 N,127.34 E,대전 서구 남남서쪽 12km 지역,지도,-
725,2018/01/09 16:17:51,2.1,20,,33.98 N,127.11 E,전남 여수시 거문도 서남서쪽 19km 해역,지도,-
724,2018/01/06 2:47:16,2.2,12,,37.71 N,125.94 E,북한 인천 옹진군 연평도 동북동쪽 21km 해역,지도,-
723,2018/01/01 19:11:53,2,8,,36.11 N,129.36 E,경북 포항시 북구 북쪽 8km 지역,지도,-
722,2018/01/01 18:35:01,2.1,-,,38.33 N,126.16 E,북한 황해북도 평산 서쪽 20km 지역,지도,-
721,2017/12/30 19:44:13,2,17,,35.76 N,129.17 E,경북 경주시 남남서쪽 9km 지역,지도,-
720,2017/12/29 17:40:22,2.1,10,,36.11 N,129.34 E,경북 포항시 북구 북북서쪽 8km 지역,지도,-
719,2017/12/27 19:42:44,2.3,8,,36.11 N,129.36 E,경북 포항시 북구 북쪽 7km 지역,지도,-
718,2017/12/27 19:27:45,2.8,8,,36.11 N,129.36 E,경북 포항시 북구 북쪽 7km 지역,지도,-
717,2017/12/26 4:05:46,2.2,6,,36.14 N,129.37 E,경북 포항시 북구 북쪽 11km 지역,지도,-
716,2017/12/25 16:32:02,2.1,8,,36.11 N,129.36 E,경북 포항시 북구 북쪽 7km 지역,지도,-
715,2017/12/25 16:19:22,3.5,10,,36.11 N,129.36 E,경북 포항시 북구 북쪽 8km 지역,지도,-
714,2017/12/22 12:35:29,2.2,0,,39.31 N,127.15 E,북한 함경남도 고원 남남서쪽 15km 지역,지도,-
713,2017/12/21 12:01:12,2,5,,36.72 N,128.01 E,경북 문경시 북서쪽 21km 지역,지도,-
712,2017/12/20 19:22:34,2.3,18,,36.09 N,125.64 E,충남 태안군 서격렬비도 남쪽 57km 해역,지도,-
711,2017/12/19 13:34:28,2.1,7,,35.77 N,129.42 E,경북 경주시 동남동쪽 20km 지역,지도,-
710,2017/12/12 10:06:04,2.5,0,,38.32 N,126.18 E,북한 황해북도 평산 서쪽 19km 지역,지도,-
709,2017/12/09 16:15:37,2.3,23,,35.61 N,129.99 E,울산 동구 동북동쪽 54km 해역,지도,-
708,2017/12/09 15:40:02,2.8,0,,41.31 N,129.11 E,북한 함경북도 길주 북북서쪽 43km 지역,지도,-
707,2017/12/09 15:13:35,3,16,,41.32 N,129.10 E,북한 함경북도 길주 북북서쪽 45km 지역,지도,-
706,2017/12/09 2:39:18,2.3,9,,36.10 N,129.35 E,경북 포항시 북구 북북서쪽 7km 지역,지도,-
705,2017/12/09 1:49:59,2.2,8,,36.10 N,129.35 E,경북 포항시 북구 북북서쪽 7km 지역,지도,-
704,2017/12/05 23:40:53,2.7,4,,41.32 N,129.13 E,북한 함경북도 길주 북북서쪽 44km 지역,지도,-
703,2017/12/05 21:19:32,2.1,11,,36.02 N,129.45 E,경북 포항시 남구 동쪽 9km 해역,지도,-
702,2017/12/04 21:55:47,2.5,21,,33.42 N,127.15 E,제주 서귀포시 성산 동쪽 25km 해역,지도,-
701,2017/12/03 1:13:47,2.1,13,,36.75 N,128.82 E,경북 안동시 북북동쪽 22km 지역,지도,-
700,2017/12/02 7:45:56,2.5,0,,41.32 N,129.20 E,북한 함경북도 길주 북북서쪽 43km 지역,지도,-
699,2017/12/01 16:23:48,2.7,8,,33.24 N,127.32 E,제주 서귀포시 성산 동남동쪽 44km 해역,지도,-
698,2017/12/01 8:03:26,2.4,7,,36.10 N,129.35 E,경북 포항시 북구 북북서쪽 7km 지역,지도,-
697,2017/11/26 3:13:48,2.9,13,,36.69 N,124.65 E,충남 태안군 서격렬비도 서쪽 79km 해역,지도,-
696,2017/11/25 14:10:41,2.3,8,,36.11 N,129.35 E,경북 포항시 북구 북쪽 7km 지역,지도,-
695,2017/11/25 12:51:11,2,8,,36.10 N,129.35 E,경북 포항시 북구 북쪽 7km 지역,지도,-
694,2017/11/24 21:27:25,2.3,13,,34.05 N,125.57 E,전남 신안군 흑산면 남쪽 68km 해역,지도,-
693,2017/11/24 1:17:27,2.3,8,,36.11 N,129.35 E,경북 포항시 북구 북쪽 7km 지역,지도,-
692,2017/11/24 0:29:56,2.6,0,,37.23 N,125.04 E,인천 옹진군 연평도 남서쪽 76km 해역,지도,-
691,2017/11/23 23:27:05,2.3,14,,36.11 N,129.37 E,경북 포항시 북구 북쪽 8km 지역,지도,-
690,2017/11/22 22:15:41,2,8,,36.12 N,129.35 E,경북 포항시 북구 북쪽 9km 지역,지도,-
689,2017/11/22 12:41:46,2.5,8,,36.10 N,129.35 E,경북 포항시 북구 북북서쪽 6km 지역,지도,-
688,2017/11/21 9:53:01,2.4,0,,36.11 N,129.33 E,경북 포항시 북구 북북서쪽 8km 지역,지도,-
687,2017/11/21 8:57:29,2.1,9,,36.09 N,129.34 E,경북 포항시 북구 북북서쪽 5km 지역,지도,-
686,2017/11/21 5:58:34,2,13,,36.09 N,129.35 E,경북 포항시 북구 북쪽 6km 지역,지도,-
685,2017/11/20 6:05:15,3.6,12,,36.14 N,129.36 E,경북 포항시 북구 북쪽 11km 지역,지도,-
684,2017/11/19 23:45:47,3.5,9,,36.12 N,129.36 E,경북 포항시 북구 북쪽 9km 지역,지도,-
683,2017/11/19 6:40:59,2.2,11,,36.09 N,129.34 E,경북 포항시 북구 북북서쪽 6km 지역,지도,-
682,2017/11/19 5:07:05,2.1,8,,36.12 N,129.38 E,경북 포항시 북구 북쪽 9km 지역,지도,-
681,2017/11/19 3:33:31,2.4,12,,36.09 N,129.35 E,경북 포항시 북구 북북서쪽 6km 지역,지도,-
680,2017/11/19 1:18:38,2,8,,36.11 N,129.34 E,경북 포항시 북구 북북서쪽 8km 지역,지도,-
679,2017/11/17 18:57:15,2.6,12,,36.10 N,129.35 E,경북 포항시 북구 북북서쪽 6km 지역,지도,-
678,2017/11/17 8:25:50,2.1,11,,36.12 N,129.37 E,경북 포항시 북구 북쪽 8km지역,지도,-
677,2017/11/17 1:17:01,2.1,11,,36.08 N,129.33 E,경북 포항시 북구 북북서쪽 6km지역,지도,-
676,2017/11/16 19:05:05,2.4,9,,36.12 N,129.36 E,경북 포항시 북구 북쪽 9km지역,지도,-
675,2017/11/16 17:32:49,2.2,8,,36.12 N,129.36 E,경북 포항시 북구 북쪽 9km지역,지도,-
674,2017/11/16 17:31:21,2,8,,36.11 N,129.37 E,경북 포항시 북구 북쪽 7km지역,지도,-
673,2017/11/16 16:48:31,2.4,12,,36.12 N,129.36 E,경북 포항시 북구 북쪽 8km 지역,지도,-
672,2017/11/16 14:31:09,2,10,,36.10 N,129.34 E,경북 포항시 북구 북북서쪽 7km 지역,지도,-
671,2017/11/16 14:04:04,2.3,7,,36.13 N,129.37 E,경북 포항시 북구 북쪽 10km 지역,지도,-
670,2017/11/16 10:37:34,2.3,11,,36.10 N,129.35 E,경북 포항시 북구 북북서쪽 6km 지역,지도,-
669,2017/11/16 9:47:28,2.1,11,,36.12 N,129.37 E,경북 포항시 북구 북쪽 9km 지역,지도,-
668,2017/11/16 9:02:42,3.6,8,,36.12 N,129.37 E,경북 포항시 북구 북쪽 8km 지역,지도,-
667,2017/11/16 5:54:11,2.5,10,,36.09 N,129.34 E,경북 포항시 북구 북북서쪽 6km 지역,지도,-
666,2017/11/16 5:03:37,2,8,,36.08 N,129.34 E,경북 포항시 북구 북북서쪽 5km 지역,지도,-
665,2017/11/16 2:37:43,2.3,8,,36.14 N,129.37 E,경북 포항시 북구 북쪽 11km 지역,지도,-
664,2017/11/16 1:36:05,2.5,13,,36.14 N,129.36 E,경북 포항시 북구 북쪽 10km 지역,지도,-
663,2017/11/16 1:23:12,2.1,11,,36.09 N,129.35 E,경북 포항시 북구 북북서쪽 6km 지역,지도,-
662,2017/11/16 0:38:14,2,9,,36.09 N,129.35 E,경북 포항시 북구 북북서쪽 6km 지역,지도,-
661,2017/11/16 0:21:53,2.4,8,,36.14 N,129.35 E,경북 포항시 북구 북쪽 10km 지역,지도,-
660,2017/11/15 23:18:07,2.1,10,,36.13 N,129.38 E,경북 포항시 북구 북쪽 10km 지역,지도,-
659,2017/11/15 23:05:16,2,12,,36.10 N,129.36 E,경북 포항시 북구 북쪽 6km 지역,지도,-
658,2017/11/15 22:43:12,2.1,10,,36.10 N,129.36 E,경북 포항시 북구 북쪽 7km 지역,지도,-
657,2017/11/15 22:24:30,2.1,7,,36.14 N,129.38 E,경북 포항시 북구 북쪽 11km 지역,지도,-
656,2017/11/15 21:59:27,2.1,7,,36.14 N,129.36 E,경북 포항시 북구 북쪽 10km 지역,지도,-
655,2017/11/15 21:35:25,2,10,,36.11 N,129.36 E,경북 포항시 북구 북쪽 8km 지역,지도,-
654,2017/11/15 20:54:25,2.4,10,,36.10 N,129.35 E,경북 포항시 북구 북북서쪽 7km 지역,지도,-
653,2017/11/15 18:59:38,2.1,9,,36.11 N,129.35 E,경북 포항시 북구 북쪽 8km 지역,지도,-
652,2017/11/15 18:58:26,2.2,8,,36.10 N,129.35 E,경북 포항시 북구 북북서쪽 7km 지역,지도,-
651,2017/11/15 18:57:36,2.3,8,,36.11 N,129.35 E,경북 포항시 북구 북북서쪽 8km 지역,지도,-
650,2017/11/15 18:51:33,2,11,,36.14 N,129.38 E,경북 포항시 북구 북쪽 11km 지역,지도,-
649,2017/11/15 18:48:23,2.1,5,,36.14 N,129.38 E,경북 포항시 북구 북쪽 11km 지역,지도,-
648,2017/11/15 18:41:46,2.1,11,,36.09 N,129.32 E,경북 포항시 북구 북서쪽 6km 지역,지도,-
647,2017/11/15 17:42:53,2.2,10,,36.14 N,129.37 E,경북 포항시 북구 북쪽 11km 지역,지도,-
646,2017/11/15 17:11:10,2.8,0,,36.08 N,129.31 E,경북 포항시 북구 북서쪽 7km 지역,지도,-
645,2017/11/15 16:57:53,2.2,7,,36.14 N,129.37 E,경북 포항시 북구 북쪽 11km 지역,지도,-
644,2017/11/15 16:49:30,4.3,10,,36.12 N,129.36 E,경북 포항시 북구 북쪽 9km 지역,지도,-
643,2017/11/15 16:18:36,2,6,,36.14 N,129.36 E,경북 포항시 북구 북쪽 11km 지역,지도,-
642,2017/11/15 16:16:17,2.4,8,,36.09 N,129.35 E,경북 포항시 북구 북북서쪽 6km 지역,지도,-
641,2017/11/15 16:11:00,2.9,12,,36.13 N,129.36 E,경북 포항시 북구 북쪽 10km 지역,지도,-
640,2017/11/15 15:55:00,2.2,10,,36.12 N,129.37 E,경북 포항시 북구 북쪽 9km 지역,지도,-
639,2017/11/15 15:36:19,2.3,7,,36.09 N,129.33 E,경북 포항시 북구 북북서쪽 6km 지역,지도,-
638,2017/11/15 15:23:50,2.6,11,,36.09 N,129.35 E,경북 포항시 북구 북북서쪽 6km 지역,지도,-
637,2017/11/15 15:19:46,2.4,11,,36.14 N,129.38 E,경북 포항시 북구 북쪽 11km 지역,지도,-
636,2017/11/15 15:14:59,2.5,9,,36.11 N,129.35 E,경북 포항시 북구 북쪽 8km 지역,지도,-
635,2017/11/15 15:09:49,3.5,8,,36.09 N,129.34 E,경북 포항시 북구 북북서쪽 6km 지역,지도,-
634,2017/11/15 15:00:54,2.9,8,,36.11 N,129.35 E,경북 포항시 북구 북쪽 7km 지역,지도,-
633,2017/11/15 14:58:19,2.9,0,,36.12 N,129.37 E,경북 포항시 북구 북쪽 9km 지역,지도,-
632,2017/11/15 14:56:32,2.8,12,,36.10 N,129.35 E,경북 포항시 북구 북북서쪽 7km 지역,지도,-
631,2017/11/15 14:52:55,2.4,9,,36.11 N,129.35 E,경북 포항시 북구 북쪽 8km 지역,지도,-
630,2017/11/15 14:50:05,2.4,8,,36.10 N,129.36 E,경북 포항시 북구 북쪽 6km 지역,지도,-
629,2017/11/15 14:46:00,2.5,6,,36.12 N,129.39 E,경북 포항시 북구 북북동쪽 9km 지역,지도,-
628,2017/11/15 14:32:59,3.6,8,,36.10 N,129.36 E,경북 포항시 북구 북쪽 7km 지역,지도,-
627,2017/11/15 14:29:31,5.4,7,,36.11 N,129.37 E,경북 포항시 북구 북쪽 8km 지역,지도,-
626,2017/11/15 14:22:44,2.6,0,,36.08 N,129.31 E,경북 포항시 북구 북서쪽 7km 지역,지도,-
625,2017/11/15 14:22:32,2.2,8,,36.11 N,129.36 E,경북 포항시 북구 북쪽 7km 지역,지도,-
624,2017/11/14 2:17:56,2.7,4,,37.29 N,124.82 E,인천 백령도 남쪽 75km 해역,지도,-
623,2017/11/11 17:18:51,2.2,18,,34.84 N,127.46 E,전남 순천시 남남서쪽 12km 지역,지도,-
622,2017/11/09 13:29:42,2,16,,35.75 N,129.18 E,경북 경주시 남남서쪽 10km 지역,지도,-
621,2017/11/08 17:52:49,2,9,,35.16 N,128.57 E,경남 창원 마산합포구 남쪽 4km 지역,지도,-
620,2017/11/08 9:35:18,2.5,13,,33.05 N,126.20 E,제주 제주시 고산 남쪽 28km 해역,지도,-
619,2017/10/30 11:02:10,2.1,10,,36.42 N,126.48 E,충남 보령시 북서쪽 15km 해역,지도,-
618,2017/10/29 2:14:56,2.2,12,,34.39 N,127.34 E,전남 고흥군 남남동쪽 25km 해역,지도,-
617,2017/10/21 13:11:20,2.7,12,,33.63 N,126.05 E,제주 제주시 고산 북북서쪽 39km 해역,지도,-
616,2017/10/20 12:20:15,2.2,10,,38.44 N,126.16 E,북한 황해북도 평산 서북서쪽 24km 지역,지도,-
615,2017/10/20 6:41:59,2,13,,35.90 N,127.54 E,전북 진안군 북동쪽 15km 지역,지도,-
614,2017/10/18 4:56:03,2.6,16,,36.59 N,129.45 E,경북 영덕군 북북동쪽 20km 해역,지도,-
613,2017/10/16 15:51:15,2.5,14,,35.79 N,129.19 E,경북 경주시 남남서쪽 6km 지역,지도,-
612,2017/10/16 6:08:45,2.8,18,,33.86 N,125.30 E,전남 신안군 흑산면 남쪽 89km 해역,지도,-
611,2017/10/13 1:41:08,2.7,3,,41.39 N,129.03 E,북한 함경북도 길주 북북서쪽 54km 지역,지도,-
610,2017/10/08 12:18:28,2.8,16,,34.84 N,127.25 E,전남 보성군 동북동쪽 17km 지역,지도,-
609,2017/10/04 12:10:31,2.1,11,,36.16 N,127.13 E,충남 논산시 남동쪽 4km 지역,지도,-
608,2017/10/04 2:11:48,2.4,22,,35.56 N,129.88 E,울산 동구 동쪽 42km 해역,지도,-
607,2017/09/30 15:34:31,2.5,18,,33.42 N,127.15 E,제주 서귀포시 성산 동쪽 25km 해역,지도,-
606,2017/09/23 17:29:16,3.2,0,,41.35 N,129.06 E,북한 함경북도 길주 북북서쪽 49km 지역,지도,-
605,2017/09/23 13:43:00,2.6,2,,41.35 N,129.06 E,북한 함경북도 길주 북북서쪽 49km 지역,지도,-
604,2017/09/16 1:34:06,2.2,19,,34.25 N,127.13 E,전남 여수시 거문도 북서쪽 29km 해역,지도,-
603,2017/09/11 17:25:57,3.2,0,,35.29 N,124.16 E,전남 신안군 흑산면 서북서쪽 139km 해역,지도,-
602,2017/09/07 14:58:07,2.9,19,,37.60 N,125.34 E,인천 옹진군 연평도 서남서쪽 33km 해역,지도,-
601,2017/09/01 5:57:30,2.1,18,,36.42 N,127.21 E,충남 공주시 동남동쪽 9km 지역,지도,-
600,2017/08/29 22:06:49,2.4,7,,35.31 N,125.36 E,전남 영광군 안마도 서쪽 61km 해역,지도,-
599,2017/08/21 1:30:16,2.1,0,,38.82 N,126.13 E,북한 평양 동남동쪽 39km 지역,지도,-
598,2017/08/16 0:35:23,2.5,0,,38.73 N,125.69 E,북한 황해북도 송림 동쪽 5km 지역,지도,-
597,2017/08/15 21:32:10,2.6,0,,38.73 N,125.67 E,북한 황해북도 송림 동쪽 3km 지역,지도,-
596,2017/08/09 13:53:43,2.7,12,,33.87 N,125.52 E,전남 신안군 흑산면 남쪽 87km 해역,지도,-
595,2017/08/07 20:53:09,2.6,0,,38.70 N,125.63 E,북한 황해북도 송림 남남서쪽 4km 지역,지도,-
594,2017/07/20 14:38:47,2,11,,37.39 N,129.54 E,강원 삼척시 동남동쪽 33km 해역,지도,-
593,2017/07/19 10:23:35,2.2,28,,33.77 N,126.12 E,제주 제주시 북서쪽 48km 해역,지도,-
592,2017/07/18 10:31:05,2.7,16,,37.69 N,126.19 E,인천 강화군 서남서쪽 27km 해역,지도,-
591,2017/07/09 3:43:48,2.1,18,,33.51 N,125.73 E,제주 제주시 고산 서북서쪽 47km 해역,지도,-
590,2017/07/08 23:45:17,2.8,0,,40.40 N,127.29 E,북한 함경남도 장진 동북동쪽 5km 지역,지도,-
589,2017/07/06 6:00:26,2.4,6,,36.00 N,127.94 E,경북 김천시 남서쪽 22km 지역,지도,-
588,2017/07/05 19:17:30,2.5,5,,35.99 N,127.97 E,경북 김천시 남서쪽 21km 지역,지도,-
587,2017/06/28 13:00:17,2.7,0,,40.00 N,125.81 E,북한 평안북도 영변 북쪽 22km 지역,지도,-
586,2017/06/27 20:17:18,2,15,,35.77 N,129.20 E,경북 경주시 남남서쪽 8km 지역,지도,-
585,2017/06/20 11:02:37,2,12,,35.85 N,129.08 E,경북 경주시 서쪽 12km 지역,지도,-
584,2017/06/17 14:30:09,2.3,21,,33.38 N,127.21 E,제주 서귀포시 성산 동쪽 30km 해역,지도,-
583,2017/06/15 16:56:24,2.4,13,,36.54 N,125.07 E,충남 태안군 서격렬비도 서쪽 42km 해역,지도,-
582,2017/06/14 2:43:47,2.2,6,,38.34 N,126.14 E,북한 황해북도 평산 서쪽 22km 지역,지도,-
581,2017/06/13 8:01:51,2.1,17,,35.74 N,129.18 E,경북 경주시 남남서쪽 11km 지역,지도,-
580,2017/06/11 20:31:52,2.5,14,,35.77 N,129.17 E,경북 경주시 남남서쪽 9km 지역,지도,-
579,2017/06/11 18:16:53,2,12,,37.28 N,129.21 E,강원 삼척시 남남동쪽 19km 지역,지도,-
578,2017/06/04 5:16:11,2.1,18,,36.83 N,128.10 E,충북 충주시 남동쪽 24km 지역,지도,-
577,2017/05/28 15:47:38,2.7,21,,35.67 N,129.56 E,울산 북구 동북동쪽 20km 해역,지도,-
576,2017/05/25 11:20:07,3,24,,36.96 N,124.40 E,충남 태안군 서격렬비도 서북서쪽 109km 해역,지도,-
575,2017/05/20 22:29:33,2.9,15,,37.73 N,129.62 E,강원 동해시 동북동쪽 50km 해역,지도,-
574,2017/05/20 16:29:02,2,12,,35.92 N,128.27 E,경북 성주군 북서쪽 1km 지역,지도,-
573,2017/05/16 23:29:02,2.2,6,,36.60 N,128.92 E,경북 안동시 동북동쪽 17km 지역,지도,-
572,2017/05/16 20:06:49,2.1,0,,36.85 N,124.55 E,충남 태안군 서격렬비도 서북서쪽 92km 해역,지도,-
571,2017/05/13 18:37:23,2.8,15,,36.61 N,129.44 E,경북 영덕군 북북동쪽 23km 해역,지도,-
570,2017/05/10 22:31:14,2.1,16,,36.61 N,129.45 E,경북 영덕군 북북동쪽 23km 해역,지도,-
569,2017/05/10 14:06:47,2.5,19,,35.88 N,126.19 E,전북 부안군 위도 북북서쪽 32km 해역,지도,-
568,2017/05/05 23:16:21,3,11,,35.32 N,127.43 E,전남 구례군 북북서쪽 13km 지역,지도,-
567,2017/05/05 0:02:55,2,15,,36.73 N,128.10 E,경북 문경시 북북서쪽 18km 지역,지도,-
566,2017/05/04 21:46:23,2.4,14,,36.74 N,128.10 E,경북 문경시 북북서쪽 18km 지역,지도,-
565,2017/05/04 1:08:27,2.6,16,,36.61 N,129.44 E,경북 영덕군 북북동쪽 22km 해역,지도,-
564,2017/04/28 11:19:23,2.1,13,,36.60 N,128.81 E,경북 안동시 동북동쪽 8km 지역,지도,-
563,2017/04/28 5:54:29,2.4,5,,33.33 N,127.85 E,제주 서귀포시 성산 동쪽 90km 해역,지도,-
562,2017/04/20 16:00:21,3.2,0,,33.77 N,127.28 E,전남 여수시 거문도 남쪽 29km 해역,지도,-
561,2017/04/18 17:36:38,2.1,12,,35.50 N,128.88 E,경남 밀양시 동쪽 12km 지역,지도,-
560,2017/04/18 1:17:44,2,16,,35.76 N,129.18 E,경북 경주시 남남서쪽 9km 지역,지도,-
559,2017/04/16 21:39:21,2.2,6,,36.70 N,125.18 E,충남 태안군 서격렬비도 서북서쪽 33km 해역,지도,-
558,2017/04/15 17:16:47,2,8,,36.11 N,129.37 E,경북 포항시 북구 북쪽 8km 지역,지도,-
557,2017/04/15 11:31:13,3.1,13,,36.11 N,129.36 E,경북 포항시 북구 북쪽 8km 지역,지도,-
556,2017/04/15 5:41:52,2.2,15,,35.76 N,129.18 E,경북 경주시 남남서쪽 9km 지역,지도,-
555,2017/04/10 4:02:49,2.3,17,,35.16 N,128.77 E,경남 창원시 진해구 동북동쪽 6km 지역,지도,-
554,2017/04/09 14:12:45,2.4,5,,38.99 N,126.20 E,북한 평안남도 성천 남쪽 28km 지역,지도,-
553,2017/04/09 1:45:53,2.1,13,,35.76 N,129.20 E,경북 경주시 남쪽 9km 지역,지도,-
552,2017/04/08 23:13:13,2.1,0,,38.72 N,125.61 E,북한 황해북도 송림 북북서쪽 2km 지역,지도,-
551,2017/04/08 18:20:49,2.7,11,,35.76 N,129.18 E,경북 경주시 남남서쪽 9km 지역,지도,-
550,2017/04/07 0:04:09,2,4,,35.97 N,127.80 E,전북 무주군 동남동쪽 13km 지역,지도,-
549,2017/04/04 23:25:52,2.2,21,,35.67 N,129.85 E,울산 동구 동북동쪽 43km 해역,지도,-
548,2017/04/01 16:04:16,2.2,16,,35.78 N,129.20 E,경북 경주시 남남서쪽 7km 지역,지도,-
547,2017/03/31 13:53:28,2.5,15,,35.78 N,129.20 E,경북 경주시 남남서쪽 6km 지역,지도,-
546,2017/03/31 13:46:09,3.3,17,,35.78 N,129.20 E,경북 경주시 남남서쪽 7km 지역,지도,-
545,2017/03/30 21:49:53,2,17,,35.76 N,129.19 E,경북 경주시 남남서쪽 9km 지역,지도,-
544,2017/03/28 15:45:38,2,16,,35.79 N,129.20 E,경북 경주시 남남서쪽 5km 지역,지도,-
543,2017/03/28 0:48:39,2.2,0,,37.17 N,125.48 E,인천 옹진군 연평도 남남서쪽 58km 해역,지도,-
542,2017/03/27 9:28:26,2,9,,35.21 N,126.95 E,광주 북구 북동쪽 5km 지역,지도,-
541,2017/03/21 23:19:48,2.4,0,,38.52 N,126.03 E,북한 황해북도 사리원 동쪽 23km 지역,지도,-
540,2017/03/19 3:01:14,2.9,14,,33.32 N,127.18 E,제주 서귀포시 성산 동남동쪽 29km 해역,지도,-
539,2017/03/14 5:41:43,2.1,22,,34.64 N,127.78 E,전남 여수시 남동쪽 17km 지역,지도,-
538,2017/03/09 2:24:31,2,22,,35.82 N,129.78 E,경북 포항시 남구 동남동쪽 43km 해역,지도,-
537,2017/03/07 6:53:36,2.6,0,,37.75 N,129.71 E,강원 동해시 동북동쪽 58km 해역,지도,-
536,2017/03/07 3:48:07,2.2,20,,36.30 N,128.23 E,경북 구미시 북북서쪽 23km 지역,지도,-
535,2017/03/06 6:21:33,2,1,,35.75 N,126.10 E,전북 부안군 위도 북서쪽 24km 해역,지도,-
534,2017/03/05 19:19:07,2.1,7,,37.77 N,129.70 E,강원 동해시 동북동쪽 58km 해역,지도,-
533,2017/03/05 15:09:40,2.1,9,,37.72 N,129.59 E,강원 동해시 동북동쪽 47km 해역,지도,-
532,2017/03/05 9:28:49,2.4,8,,37.74 N,129.69 E,강원 동해시 동북동쪽 56km 해역,지도,-
531,2017/03/05 9:18:27,3.2,13,,37.75 N,129.66 E,강원 동해시 동북동쪽 54km 해역,지도,-
530,2017/03/05 7:52:04,2.4,17,,35.75 N,129.17 E,경북 경주시 남남서쪽 11km 지역,지도,-
529,2017/03/04 6:33:12,2.3,7,,35.99 N,127.95 E,경북 김천시 남서쪽 22km 지역,지도,-
528,2017/02/25 6:59:07,2.4,15,,35.74 N,129.18 E,경북 경주시 남남서쪽 11km 지역,지도,-
527,2017/02/25 6:58:44,2.2,19,,35.74 N,129.17 E,경북 경주시 남남서쪽 12km 지역,지도,-
526,2017/02/24 12:29:38,2.5,8,,38.89 N,126.09 E,북한 평양 동남동쪽 33km 지역,지도,-
525,2017/02/24 11:34:44,2.3,14,,36.38 N,127.79 E,충북 옥천군 동북동쪽 21km 지역,지도,-
524,2017/02/23 21:03:51,3.1,7,,37.40 N,124.89 E,인천 백령도 남남동쪽 64km 해역,지도,-
523,2017/02/22 13:08:50,2.1,14,,35.77 N,129.18 E,경북 경주시 남남서쪽 8km 지역,지도,-
522,2017/02/21 3:21:11,2.1,14,,35.76 N,129.20 E,경북 경주시 남쪽 9km 지역,지도,-
521,2017/02/18 20:58:19,2.4,17,,35.23 N,126.94 E,광주 북구 북북동쪽 7km 지역,지도,-
520,2017/02/18 16:53:49,2,15,,33.23 N,126.18 E,제주 서귀포시 서쪽 35km 해역,지도,-
519,2017/02/16 18:20:19,2.3,17,,35.64 N,128.09 E,경남 합천군 북서쪽 11km 지역,지도,-
518,2017/02/16 2:34:56,2.9,15,,35.78 N,129.20 E,경북 경주시 남남서쪽 7km 지역,지도,-
517,2017/02/12 9:22:27,2.3,22,,35.69 N,129.58 E,울산 북구 동북동쪽 23km 해역,지도,-
516,2017/02/10 18:01:35,2.6,0,,38.54 N,125.84 E,북한 황해북도 사리원 동북동쪽 8km 지역,지도,-
515,2017/02/10 5:22:41,2.2,20,,35.65 N,129.57 E,울산 북구 동북동쪽 20km 해역,지도,-
514,2017/02/05 20:06:15,2.6,3,,39.61 N,127.64 E,북한 함경남도 함흥 남남동쪽 34km 해역,지도,-
513,2017/02/05 19:07:29,2.5,21,,33.61 N,126.73 E,제주 제주시 동북동쪽 22km 해역,지도,-
512,2017/01/29 13:45:53,2.6,8,,38.70 N,127.16 E,북한 강원 평강 북북서쪽 34km 지역,지도,-
511,2017/01/26 22:53:38,2,0,,33.54 N,126.87 E,제주 제주시 동쪽 32km 해역,지도,-
510,2017/01/24 4:07:56,2.6,16,,35.77 N,129.17 E,경북 경주시 남남서쪽 9km 지역,지도,-
509,2017/01/21 3:27:38,2.6,15,,35.75 N,129.18 E,경북 경주시 남남서쪽 10km 지역,지도,-
508,2017/01/18 12:49:53,2.5,4,,35.02 N,125.06 E,전남 신안군 흑산면 북서쪽 56km 해역,지도,-
507,2017/01/17 16:06:56,2.8,6,,38.71 N,125.86 E,북한 황해북도 송림 동쪽 20km 지역,지도,-
506,2017/01/16 19:54:13,2.1,20,,36.33 N,126.59 E,충남 보령시 서쪽 2km 지역,지도,-
505,2017/01/16 6:57:31,2.7,21,,33.64 N,127.51 E,전남 여수시 거문도 남남동쪽 47km 해역,지도,-
504,2017/01/14 11:52:55,2.2,10,,35.17 N,127.79 E,경남 하동군 북북동쪽 12km 지역,지도,-
503,2017/01/11 0:10:05,2.1,20,,36.44 N,128.42 E,경북 의성군 서북서쪽 27km 지역,지도,-
502,2017/01/07 6:37:41,2.4,1,,38.69 N,125.73 E,북한 황해북도 송림 동남동쪽 10km 지역,지도,-
501,2017/01/06 5:33:23,2.2,12,,35.75 N,129.18 E,경북 경주시 남남서쪽 10km 지역,지도,-
500,2017/01/06 5:31:13,3.3,12,,35.75 N,129.17 E,경북 경주시 남남서쪽 11km 지역,지도,-
499,2017/01/04 5:00:47,2.5,18,,36.58 N,129.24 E,경북 영덕군 북북서쪽 22km 지역,지도,-
498,2016/12/31 8:01:03,2.6,-,,39.31 N,126.27 E,북한 평안남도 성천군 북북동쪽 9km 지역,지도,-
497,2016/12/30 15:04:41,2.5,10,,38.64 N,125.76 E,북한 황해북도 사리원시 북쪽 15km 지역,지도,-
496,2016/12/29 21:32:25,2.3,9,,36.12 N,129.36 E,경북 포항시 북구 북쪽 9km 지역,지도,-
495,2016/12/29 5:53:11,2.6,6,,38.71 N,125.76 E,북한 황해북도 송림시 동남동쪽 11km 지역,지도,-
494,2016/12/25 6:29:09,2.5,11,,35.78 N,129.31 E,경북 경주시 남동쪽 11km 지역,지도,-
493,2016/12/25 1:59:43,2.4,17,,35.25 N,129.39 E,부산 기장군 동쪽 15km 해역,지도,-
492,2016/12/23 5:31:32,2.2,10,,36.12 N,129.36 E,경북 포항시 북구 북쪽 9km 지역,지도,-
491,2016/12/22 21:13:32,2.2,18,,34.45 N,128.54 E,경남 통영시 매물도 남쪽 22km 해역,지도,-
490,2016/12/15 17:14:53,2.1,14,,35.76 N,129.19 E,경북 경주시 남남서쪽 9km 지역,지도,-
489,2016/12/14 17:20:34,3.3,12,,35.76 N,129.17 E,경북 경주시 남남서쪽 10km 지역,지도,-
488,2016/12/14 10:05:28,2.1,12,,36.54 N,128.08 E,경북 상주시 북북서쪽 16km 지역,지도,-
487,2016/12/12 17:53:17,3.3,16,,35.76 N,129.18 E,경북 경주시 남남서쪽 9km 지역,지도,-
486,2016/12/12 4:46:32,2.2,13,,35.76 N,129.18 E,경북 경주시 남남서쪽 9km 지역,지도,-
485,2016/12/11 16:05:36,2.6,14,,36.07 N,125.57 E,충남 태안군 서격렬비도 남쪽 59km 해역,지도,-
484,2016/12/10 15:51:54,2,12,,37.63 N,129.68 E,강원 삼척시 동북동쪽 50km 해역,지도,-
483,2016/12/10 0:51:13,2.1,18,,35.77 N,129.17 E,경북 경주시 남남서쪽 9km 지역,지도,-
482,2016/12/09 11:30:45,2.4,8,,35.69 N,129.36 E,경북 경주시 남동쪽 21km 지역,지도,-
481,2016/12/07 22:34:14,2.4,-,,37.18 N,125.48 E,인천 옹진군 연평도 남남서쪽 57km 해역,지도,-
480,2016/12/05 7:42:21,2.1,21,,35.81 N,129.72 E,경북 포항시 남구 남동쪽 39km 해역,지도,-
479,2016/12/05 0:47:03,2.1,14,,35.77 N,129.18 E,경북 경주시 남남서쪽 8km 지역,지도,-
478,2016/12/02 4:45:42,2.1,14,,35.76 N,129.19 E,경북 경주시 남남서쪽 9km 지역,지도,-
477,2016/11/29 10:09:22,2.9,17,,33.40 N,125.72 E,제주 제주시 고산 서북서쪽 43km 해역,지도,-
476,2016/11/28 23:33:02,2.2,10,,38.49 N,126.14 E,북한 황해북도 평산군 북서쪽 28km 지역,지도,-
475,2016/11/28 20:57:26,2.4,18,,35.77 N,129.19 E,경북 경주시 남남서쪽 8km 지역,지도,-
474,2016/11/27 20:08:46,2.2,12,,36.02 N,127.39 E,충남 금산군 남서쪽 13km 지역,지도,-
473,2016/11/27 6:53:12,2.5,10,,36.34 N,127.33 E,대전 유성구 남서쪽 3km 지역,지도,-
472,2016/11/25 18:53:58,2.3,14,,35.75 N,129.17 E,경북 경주시 남남서쪽 11km 지역,지도,-
471,2016/11/19 3:29:02,2.1,14,,35.76 N,129.19 E,경북 경주시 남남서쪽 9km 지역,지도,-
470,2016/11/18 2:02:35,2,13,,35.51 N,128.09 E,경남 합천군 남서쪽 9km 지역,지도,-
469,2016/11/16 23:15:44,2.1,6,,34.86 N,125.08 E,전남 신안군 흑산면 서북서쪽 43km 해역,지도,-
468,2016/11/15 16:27:40,2,18,,35.76 N,129.19 E,경북 경주시 남남서쪽 9km 지역,지도,-
467,2016/11/15 12:22:59,2.5,9,,38.35 N,128.09 E,북한 강원도 금강군 남남동쪽 29km 지역,지도,-
466,2016/11/13 21:52:57,3.5,10,,36.36 N,126.63 E,충남 보령시 북북동쪽 4km 지역,지도,-
465,2016/11/13 2:27:23,2.3,-,,38.76 N,125.66 E,북한 황해북도 송림시 북동쪽 3km 지역,지도,-
464,2016/11/10 22:37:52,2.5,18,,36.46 N,129.89 E,경북 영덕군 동쪽 47km 해역,지도,-
463,2016/11/09 20:55:44,2.3,20,,36.55 N,129.60 E,경북 영덕군 북동쪽 26km 해역,지도,-
462,2016/11/08 23:35:33,2.3,16,,36.18 N,128.50 E,경북 구미시 동북동쪽 15km 지역,지도,-
461,2016/11/06 6:26:22,3.5,12,,33.76 N,125.07 E,전남 신안군 흑산면 남남서쪽 106km 해역,지도,-
460,2016/11/03 23:35:52,2.6,16,,35.32 N,128.49 E,경남 함안군 북동쪽 9km 지역,지도,-
459,2016/11/03 10:36:23,2.3,11,,35.76 N,129.19 E,경북 경주시 남남서쪽 9km 지역,지도,-
458,2016/11/03 10:02:26,2.3,18,,35.76 N,129.19 E,경북 경주시 남남서쪽 9km 지역,지도,-
457,2016/11/03 3:46:06,2.1,14,,35.75 N,129.18 E,경북 경주시 남남서쪽 10km 지역,지도,-
456,2016/11/02 3:01:43,2.3,10,,33.53 N,126.88 E,제주 제주시 동쪽 33km 지역,지도,-
455,2016/10/25 19:57:37,2.4,8,,35.70 N,129.37 E,경북 경주시 남동쪽 21km 지역,지도,-
454,2016/10/25 3:23:06,2,15,,35.76 N,129.19 E,경북 경주시 남남서쪽 9km 지역,지도,-
453,2016/10/24 9:02:01,2.2,7,,37.25 N,127.02 E,경기 수원시 권선구 동쪽 4km 지역,지도,-
452,2016/10/23 3:00:04,2.7,14,,35.78 N,129.20 E,경북 경주시 남남서쪽 7km 지역,지도,-
451,2016/10/21 12:47:49,2.6,12,,35.75 N,129.17 E,경북 경주시 남남서쪽 11km 지역,지도,-
450,2016/10/21 10:13:53,2.2,14,,36.46 N,126.87 E,충남 청양군 동쪽 6km 지역,지도,-
449,2016/10/20 12:17:07,2.4,15,,35.76 N,129.19 E,경북 경주시 남남서쪽 9km 지역,지도,-
448,2016/10/15 23:49:08,2.2,12,,35.76 N,129.17 E,경북 경주시 남남서쪽 10km 지역,지도,-
447,2016/10/15 18:55:18,2.5,16,,35.74 N,129.18 E,경북 경주시 남남서쪽 11km 지역,지도,-
446,2016/10/14 8:20:58,2.3,15,,35.76 N,129.19 E,경북 경주시 남남서쪽 9km 지역,지도,-
445,2016/10/12 0:29:36,2.9,18,,35.76 N,129.18 E,경북 경주시 남남서쪽 9km 지역,지도,-
444,2016/10/10 22:59:10,3.3,17,,35.75 N,129.18 E,경북 경주시 남남서쪽 10km 지역,지도,-
443,2016/10/09 14:03:00,2.2,11,,35.08 N,126.93 E,광주 동구 남쪽 7km 지역,지도,-
442,2016/10/07 17:17:58,2.2,16,,35.77 N,129.23 E,경북 경주시 남쪽 10km 지역,지도,-
441,2016/10/05 23:29:16,2.3,35,,38.76 N,125.62 E,북한 황해북도 송림시 북북서쪽 3km 지역,지도,-
440,2016/10/04 15:16:44,2.6,15,,35.76 N,129.19 E,경북 경주시 남남서쪽9km 지역,지도,-
439,2016/10/02 20:53:07,3,18,,35.75 N,129.19 E,경북 경주시 남남서쪽10km 지역,지도,-
438,2016/10/01 17:00:34,2.3,15,,35.76 N,129.18 E,경북 경주시 남남서쪽 9km 지역,지도,-
437,2016/10/01 13:04:16,2,15,,35.76 N,129.18 E,경북 경주시 남남서쪽 9km 지역,지도,-
436,2016/09/30 21:52:49,2.2,15,,35.75 N,129.18 E,경북 경주시 남남서쪽 10km 지역,지도,-
435,2016/09/30 18:06:36,2.3,16,,35.76 N,129.16 E,경북 경주시 남남서쪽 10km 지역,지도,-
434,2016/09/30 16:24:16,2,17,,35.77 N,129.16 E,경북 경주시 남남서쪽 9km 지역,지도,-
433,2016/09/30 11:09:47,2.1,15,,35.76 N,129.18 E,경북 경주시 남남서쪽 9km 지역,지도,-
432,2016/09/28 21:10:34,2.7,15,,35.77 N,129.17 E,경북 경주시 남남서쪽 9km 지역,지도,-
431,2016/09/28 19:00:03,2.6,-,,38.74 N,125.73 E,북한 황해북도 송림시 동쪽 8km 지역,지도,-
430,2016/09/28 18:54:22,2.8,1,,38.74 N,125.69 E,북한 황해북도 송림시 동쪽 5km 지역,지도,-
429,2016/09/28 16:34:30,3.1,13,,35.76 N,129.18 E,경북 경주시 남남서쪽 9km 지역,지도,-
428,2016/09/24 19:56:21,2.5,15,,35.79 N,129.19 E,경북 경주시 남남서쪽 6km 지역,지도,-
427,2016/09/23 18:21:42,2.1,17,,35.76 N,129.18 E,경북 경주시 남남서쪽 9km 지역,지도,-
426,2016/09/22 3:22:32,2.1,14,,35.76 N,129.18 E,경북 경주시 남남서쪽 9km 지역,지도,-
425,2016/09/22 0:01:30,2.3,16,,35.76 N,129.18 E,경북 경주시 남남서쪽 9km 지역,지도,-
424,2016/09/21 11:53:54,3.5,18,,35.75 N,129.18 E,경북 경주시 남남서쪽 10km 지역,지도,-
423,2016/09/21 11:36:41,2.2,16,,35.78 N,129.15 E,경북 경주시 남서쪽 9km 지역,지도,-
422,2016/09/21 3:36:51,2.9,14,,35.77 N,129.18 E,경북 경주시 남남서쪽 8km 지역,지도,-
421,2016/09/21 0:59:11,2.1,17,,35.76 N,129.18 E,경북 경주시 남남서쪽 9km 지역,지도,-
420,2016/09/20 20:03:27,2.1,17,,35.77 N,129.19 E,경북 경주시 남남서쪽 8km 지역,지도,-
419,2016/09/20 15:05:17,2.5,-,,38.36 N,128.09 E,북한 강원도 양구군 북북동쪽 29km 지역,지도,-
418,2016/09/20 9:58:17,2.4,19,,35.76 N,129.20 E,경북 경주시 남쪽 9km 지역,지도,-
417,2016/09/19 21:00:51,2.1,18,,35.75 N,129.17 E,경북 경주시 남남서쪽 11km 지역,지도,-
416,2016/09/19 20:33:58,4.5,14,,35.74 N,129.18 E,경북 경주시 남남서쪽 11km 지역,지도,-
415,2016/09/19 9:17:59,2.1,17,,35.76 N,129.17 E,경북 경주시 남남서쪽 10km 지역,지도,-
414,2016/09/18 22:38:07,2,14,,35.75 N,129.18 E,경북 경주시 남남서쪽 10km 지역,지도,-
413,2016/09/18 16:27:54,2.4,16,,35.76 N,129.17 E,경북 경주시 남남서쪽 10km 지역,지도,-
412,2016/09/17 16:21:58,2.1,18,,35.76 N,129.18 E,경북 경주시 남남서쪽 9km 지역,지도,-
411,2016/09/17 7:12:56,2.1,17,,35.76 N,129.18 E,경북 경주시 남남서쪽 9km 지역,지도,-
410,2016/09/16 21:14:24,2.2,18,,35.76 N,129.18 E,경북 경주시 남남서쪽 9km 지역,지도,-
409,2016/09/16 19:54:46,2.1,13,,35.74 N,129.17 E,경북 경주시 남남서쪽 12km 지역,지도,-
408,2016/09/16 19:15:46,2,16,,35.76 N,129.18 E,경북 경주시 남남서쪽 10km 지역,지도,-
407,2016/09/16 18:58:31,2,19,,35.75 N,129.18 E,경북 경주시 남남서쪽 10km 지역,지도,-
406,2016/09/16 15:13:18,2.3,16,,35.76 N,129.17 E,경북 경주시 남남서쪽 10km 지역,지도,-
405,2016/09/16 5:31:09,2.2,18,,35.78 N,129.19 E,경북 경주시 남남서쪽 7km 지역,지도,-
404,2016/09/15 20:48:25,2.6,19,,35.76 N,129.19 E,경북 경주시 남남서쪽 9km 지역,지도,-
403,2016/09/15 19:47:25,2.2,20,,35.77 N,129.19 E,경북 경주시 남남서쪽 8km 지역,지도,-
402,2016/09/15 3:22:28,2.7,18,,35.76 N,129.18 E,경북 경주시 남쪽 9km 지역,지도,-
401,2016/09/14 22:31:31,2.4,18,,35.76 N,129.17 E,경북 경주시 남남서쪽 10km 지역,지도,-
400,2016/09/14 17:27:14,2.3,18,,35.77 N,129.17 E,경북 경주시 남남서쪽 9km 지역,지도,-
399,2016/09/14 16:47:16,2.1,17,,35.77 N,129.18 E,경북 경주시 남남서쪽 8km 지역,지도,-
398,2016/09/14 12:38:10,2.2,18,,35.78 N,129.19 E,경북 경주시 남남서쪽 7km 지역,지도,-
397,2016/09/14 11:57:32,2.4,15,,33.93 N,126.62 E,전남 완도군 남남서쪽 44km 해역,지도,-
396,2016/09/14 4:43:47,2.1,17,,35.77 N,129.17 E,경북 경주시 남남서쪽 9km 지역,지도,-
395,2016/09/14 3:55:17,2.4,19,,35.76 N,129.18 E,경북 경주시 남남서쪽 9km 지역,지도,-
394,2016/09/14 1:37:02,2.1,17,,35.77 N,129.18 E,경북 경주시 남남서쪽 8km 지역,지도,-
393,2016/09/14 0:48:41,3,13,,35.75 N,129.18 E,경북 경주시 남남서쪽 11km 지역,지도,-
392,2016/09/13 23:08:28,2.3,14,,35.73 N,129.36 E,경북 경주시 남동쪽 18km 지역,지도,-
391,2016/09/13 21:49:09,2.1,16,,35.76 N,129.17 E,경북 경주시 남남서쪽 10km 지역,지도,-
390,2016/09/13 18:54:03,2.1,18,,35.76 N,129.18 E,경북 경주시 남남서쪽 9km 지역,지도,-
389,2016/09/13 17:15:37,2,17,,35.77 N,129.18 E,경북 경주시 남남서쪽 9km 지역,지도,-
388,2016/09/13 16:52:11,2.5,19,,35.75 N,129.18 E,경북 경주시 남남서쪽 10km 지역,지도,-
387,2016/09/13 16:21:33,2,18,,35.75 N,129.17 E,경북 경주시 남남서쪽 10km 지역,지도,-
386,2016/09/13 16:02:48,2.5,17,,35.76 N,129.20 E,경북 경주시 남쪽 9km 지역,지도,-
385,2016/09/13 14:41:41,2.1,16,,35.76 N,129.17 E,경북 경주시 남남서쪽 10km 지역,지도,-
384,2016/09/13 14:31:42,3,14,,35.76 N,129.18 E,경북 경주시 남남서쪽 9km 지역,지도,-
383,2016/09/13 13:18:08,2.1,16,,35.77 N,129.17 E,경북 경주시 남남서쪽 9km 지역,지도,-
382,2016/09/13 13:16:04,2.4,16,,35.77 N,129.17 E,경북 경주시 남남서쪽 9km 지역,지도,-
381,2016/09/13 13:09:09,2.3,16,,35.77 N,129.17 E,경북 경주시 남남서쪽 9km 지역,지도,-
380,2016/09/13 12:33:58,2,18,,35.76 N,129.16 E,경북 경주시 남남서쪽 10km 지역,지도,-
379,2016/09/13 12:27:05,2.2,18,,35.78 N,129.19 E,경북 경주시 남남서쪽 7km 지역,지도,-
378,2016/09/13 10:58:45,2,18,,35.76 N,129.18 E,경북 경주시 남남서쪽 9km 지역,지도,-
377,2016/09/13 10:44:13,2.2,18,,35.76 N,129.18 E,경북 경주시 남남서쪽 9km 지역,지도,-
376,2016/09/13 10:05:38,2,18,,35.76 N,129.18 E,경북 경주시 남남서쪽 9km 지역,지도,-
375,2016/09/13 10:01:27,2.3,18,,35.78 N,129.19 E,경북 경주시 남남서쪽 7km 지역,지도,-
374,2016/09/13 9:23:27,2.3,17,,35.76 N,129.18 E,경북 경주시 남남서쪽 9km 지역,지도,-
373,2016/09/13 8:47:57,2.3,17,,35.76 N,129.17 E,경북 경주시 남남서쪽 10km 지역,지도,-
372,2016/09/13 8:24:47,3.2,14,,35.76 N,129.17 E,경북 경주시 남남서쪽 10km 지역,지도,-
371,2016/09/13 7:47:42,2.4,17,,35.77 N,129.18 E,경북 경주시 남남서쪽 8km 지역,지도,-
370,2016/09/13 7:03:27,2.1,18,,35.77 N,129.19 E,경북 경주시 남남서쪽 8km 지역,지도,-
369,2016/09/13 6:48:03,2,16,,35.78 N,129.18 E,경북 경주시 남남서쪽 7km 지역,지도,-
368,2016/09/13 6:15:29,2.3,19,,35.77 N,129.18 E,경북 경주시 남남서쪽 8km 지역,지도,-
367,2016/09/13 5:15:54,2,16,,35.77 N,129.18 E,경북 경주시 남남서쪽 9km 지역,지도,-
366,2016/09/13 4:56:59,2,15,,35.77 N,129.19 E,경북 경주시 남남서쪽 8km 지역,지도,-
365,2016/09/13 4:41:59,2.1,17,,35.76 N,129.17 E,경북 경주시 남남서쪽 10km 지역,지도,-
364,2016/09/13 4:13:31,2.1,16,,35.78 N,129.19 E,경북 경주시 남남서쪽 7km 지역,지도,-
363,2016/09/13 3:11:21,2.1,17,,35.75 N,129.17 E,경북 경주시 남남서쪽 11km 지역,지도,-
362,2016/09/13 2:09:35,2,17,,35.75 N,129.18 E,경북 경주시 남남서쪽 10km 지역,지도,-
361,2016/09/13 2:03:49,2.2,14,,35.78 N,129.19 E,경북 경주시 남남서쪽 7km 지역,지도,-
360,2016/09/13 2:03:36,2.1,17,,35.76 N,129.17 E,경북 경주시 남남서쪽 10km 지역,지도,-
359,2016/09/13 1:58:39,2.5,17,,35.77 N,129.18 E,경북 경주시 남남서쪽 8km 지역,지도,-
358,2016/09/13 1:37:33,2.2,17,,35.77 N,129.18 E,경북 경주시 남남서쪽 8km 지역,지도,-
357,2016/09/13 1:35:51,2.3,17,,35.75 N,129.17 E,경북 경주시 남남서쪽 11km 지역,지도,-
356,2016/09/13 1:31:00,2,16,,35.77 N,129.18 E,경북 경주시 남남서쪽 8km 지역,지도,-
355,2016/09/13 1:23:56,2.2,17,,35.75 N,129.19 E,경북 경주시 남남서쪽 10km 지역,지도,-
354,2016/09/13 1:03:39,2,17,,35.77 N,129.17 E,경북 경주시 남남서쪽 9km 지역,지도,-
353,2016/09/13 0:45:50,2.2,17,,35.76 N,129.18 E,경북 경주시 남남서쪽 9km 지역,지도,-
352,2016/09/13 0:37:10,3.1,19,,35.78 N,129.21 E,경북 경주시 남쪽 6km 지역,지도,-
351,2016/09/13 0:32:18,2.1,16,,35.76 N,129.19 E,경북 경주시 남남서쪽 9km 지역,지도,-
350,2016/09/13 0:21:37,2.5,18,,35.76 N,129.19 E,경북 경주시 남남서쪽 9km 지역,지도,-
349,2016/09/13 0:15:02,2,15,,35.76 N,129.18 E,경북 경주시 남남서쪽 9km 지역,지도,-
348,2016/09/13 0:10:05,2,17,,35.76 N,129.18 E,경북 경주시 남남서쪽 9km 지역,지도,-
347,2016/09/13 0:07:43,2.2,16,,35.76 N,129.19 E,경북 경주시 남남서쪽 9km 지역,지도,-
346,2016/09/12 23:53:42,2.2,16,,35.77 N,129.19 E,경북 경주시 남남서쪽 8km 지역,지도,-
345,2016/09/12 23:52:30,3.1,18,,35.75 N,129.18 E,경북 경주시 남남서쪽 10km 지역,지도,-
344,2016/09/12 23:18:27,3,17,,35.76 N,129.17 E,경북 경주시 남남서쪽 8km 지역,지도,-
343,2016/09/12 22:47:13,2.1,13,,35.77 N,129.19 E,경북 경주시 남남서쪽 8km 지역,지도,-
342,2016/09/12 22:23:27,2.4,17,,35.77 N,129.18 E,경북 경주시 남남서쪽 8km 지역,지도,-
341,2016/09/12 22:22:50,2.2,17,,35.76 N,129.18 E,경북 경주시 남남서쪽 9km 지역,지도,-
340,2016/09/12 22:18:36,2,17,,35.77 N,129.18 E,경북 경주시 남남서쪽 8km 지역,지도,-
339,2016/09/12 22:17:35,2.5,15,,35.76 N,129.18 E,경북 경주시 남남서쪽 9km 지역,지도,-
338,2016/09/12 22:13:14,2.4,17,,35.76 N,129.19 E,경북 경주시 남남서쪽 9km 지역,지도,-
337,2016/09/12 22:08:25,2,18,,35.76 N,129.18 E,경북 경주시 남남서쪽 9km 지역,지도,-
336,2016/09/12 22:06:22,2.1,16,,35.77 N,129.19 E,경북 경주시 남남서쪽 8km 지역,지도,-
335,2016/09/12 21:54:53,2.1,12,,35.77 N,129.19 E,경북 경주시 남남서쪽 8km 지역,지도,-
334,2016/09/12 21:54:34,2.2,16,,35.76 N,129.16 E,경북 경주시 남남서쪽 10km 지역,지도,-
333,2016/09/12 21:38:35,2.6,18,,35.76 N,129.19 E,경북 경주시 남남서쪽 9km 지역,지도,-
332,2016/09/12 21:33:57,2.3,17,,35.76 N,129.02 E,경북 경주시 서남서쪽 20km 지역,지도,-
331,2016/09/12 21:20:48,2.8,19,,35.78 N,129.18 E,경북 경주시 남남서쪽 7km 지역,지도,-
330,2016/09/12 21:16:38,2.1,13,,35.76 N,129.18 E,경북 경주시 남남서쪽 9km 지역,지도,-
329,2016/09/12 21:09:19,2.2,15,,35.77 N,129.19 E,경북 경주시 남남서쪽 8km 지역,지도,-
328,2016/09/12 21:07:59,2,15,,35.77 N,129.19 E,경북 경주시 남남서쪽 8km 지역,지도,-
327,2016/09/12 21:00:35,2.5,18,,35.77 N,129.18 E,경북 경주시 남남서쪽 8km 지역,지도,-
326,2016/09/12 20:58:45,2.1,16,,35.77 N,129.17 E,경북 경주시 남남서쪽 9km 지역,지도,-
325,2016/09/12 20:55:00,2,11,,35.76 N,129.18 E,경북 경주시 남남서쪽 9km 지역,지도,-
324,2016/09/12 20:51:13,2.6,16,,35.75 N,129.16 E,경북 경주시 남남서쪽 11km 지역,지도,-
323,2016/09/12 20:47:55,2.9,16,,35.76 N,129.19 E,경북 경주시 남남서쪽 9km 지역,지도,-
322,2016/09/12 20:47:41,2.2,14,,35.81 N,129.23 E,경북 경주시 남남동쪽 3km 지역,지도,-
321,2016/09/12 20:46:28,2.4,16,,35.76 N,129.17 E,경북 경주시 남남서쪽 10km 지역,지도,-
320,2016/09/12 20:45:36,2.7,14,,35.78 N,129.20 E,경북 경주시 남남서쪽 7km 지역,지도,-
319,2016/09/12 20:45:06,2.3,15,,35.76 N,129.17 E,경북 경주시 남남서쪽 10km 지역,지도,-
318,2016/09/12 20:44:02,2.5,17,,35.76 N,129.18 E,경북 경주시 남남서쪽 9km 지역,지도,-
317,2016/09/12 20:43:31,2.4,13,,35.76 N,129.19 E,경북 경주시 남남서쪽 9km 지역,지도,-
316,2016/09/12 20:42:27,2.5,13,,35.79 N,129.20 E,경북 경주시 남남서쪽 5km 지역,지도,-
315,2016/09/12 20:40:40,3,17,,35.76 N,129.18 E,경북 경주시 남남서쪽 9km 지역,지도,-
314,2016/09/12 20:39:35,3,16,,35.77 N,129.19 E,경북 경주시 남남서쪽 8km 지역,지도,-
313,2016/09/12 20:38:32,3,15,,35.78 N,129.20 E,경북 경주시 남남서쪽 7km 지역,지도,-
312,2016/09/12 20:37:29,2.1,11,,35.76 N,129.19 E,경북 경주시 남남서쪽 11km 지역,지도,-
311,2016/09/12 20:36:00,3.4,13,,35.75 N,129.18 E,경북 경주시 남남서쪽 10km 지역,지도,-
310,2016/09/12 20:35:00,3.6,9,,35.75 N,129.18 E,경북 경주시 남남서쪽 12km 지역,지도,-
309,2016/09/12 20:34:22,3.6,12,,35.78 N,129.19 E,경북 경주시 남남서쪽 7km 지역,지도,-
308,2016/09/12 20:32:54,5.8,15,,35.76 N,129.19 E,경북 경주시 남남서쪽 8.7km 지역,지도,-
307,2016/09/12 20:26:22,2.5,17,,35.77 N,129.20 E,경북 경주시 남쪽 8km 지역,지도,-
306,2016/09/12 20:17:44,2.3,18,,35.76 N,129.19 E,경북 경주시 남남서쪽 9km 지역,지도,-
305,2016/09/12 20:10:50,3.1,18,,35.77 N,129.18 E,경북 경주시 남남서쪽 8km 지역,지도,-
304,2016/09/12 20:09:36,2.7,13,,35.76 N,129.17 E,경북 경주시 남남서쪽 10km 지역,지도,-
303,2016/09/12 20:08:50,2.7,18,,35.76 N,129.18 E,경북 경주시 남남서쪽 9km 지역,지도,-
302,2016/09/12 20:07:05,2.6,21,,35.76 N,129.19 E,경북 경주시 남남서쪽 9km 지역,지도,-
301,2016/09/12 20:04:19,2.5,20,,35.77 N,129.18 E,경북 경주시 남남서쪽 8km 지역,지도,-
300,2016/09/12 20:00:07,2.4,19,,35.78 N,129.16 E,경북 경주시 남서쪽 8km 지역,지도,-
299,2016/09/12 19:55:36,2.4,18,,35.76 N,129.18 E,경북 경주시 남남서쪽 9km 지역,지도,-
298,2016/09/12 19:53:01,2.1,16,,35.77 N,129.19 E,경북 경주시 남남서쪽 8km 지역,지도,-
297,2016/09/12 19:50:50,2.2,13,,35.77 N,129.18 E,경북 경주시 남남서쪽 8km 지역,지도,-
296,2016/09/12 19:50:02,2,12,,35.77 N,129.19 E,경북 경주시 남남서쪽 10km 지역,지도,-
295,2016/09/12 19:48:20,2.1,13,,35.72 N,129.20 E,경북 경주시 남쪽 15km 지역,지도,-
294,2016/09/12 19:48:03,3.1,16,,35.77 N,129.19 E,경북 경주시 남남서쪽 8km 지역,지도,-
293,2016/09/12 19:46:40,2.2,14,,35.76 N,129.19 E,경북 경주시 남남서쪽 9km 지역,지도,-
292,2016/09/12 19:45:48,2.4,12,,35.78 N,129.20 E,경북 경주시 남남서쪽 7km 지역,지도,-
291,2016/09/12 19:44:32,5.1,15,,35.77 N,129.19 E,경북 경주시 남남서쪽 8.2km 지역,지도,-
290,2016/08/30 0:39:46,2.6,18,,35.55 N,128.03 E,경남 합천군 서쪽 13km 지역,지도,-
289,2016/08/28 23:27:20,2.1,7,,35.65 N,127.48 E,전북 장수군 서쪽 4km 지역,지도,-
288,2016/08/28 21:27:55,2.4,14,,38.65 N,127.16 E,북한 강원도 평강 북북서쪽 29km 지역,지도,-
287,2016/08/20 18:54:44,2.9,18,,33.48 N,127.31 E,제주 서귀포시 성산 동북동쪽 41km 해역,지도,-
286,2016/08/20 12:18:21,3,7,,38.38 N,128.09 E,북한 강원도 양구군 북북동쪽 32km 지역,지도,-
285,2016/08/18 22:21:10,2.6,5,,38.84 N,125.70 E,북한 황해북도 송림시 북북동쪽 13km 지역,지도,-
284,2016/08/18 17:08:46,2.1,-,,37.18 N,125.46 E,인천 옹진군 연평도 남남서쪽 58km 해역,지도,-
283,2016/08/17 11:17:39,2.9,-,,38.35 N,128.09 E,북한 강원도 양구군 북북동쪽 28km 지역,지도,-
282,2016/08/16 11:57:40,2.4,14,,36.75 N,128.84 E,경북 안동시 북북동쪽 22km 지역,지도,-
281,2016/07/30 1:51:57,2.3,13,,33.06 N,126.33 E,제주 서귀포시 남서쪽 27km 해역,지도,-
280,2016/07/14 22:31:13,2.8,12,,35.12 N,130.24 E,울산 동구 동남동쪽 86km 해역,지도,-
279,2016/07/13 14:13:02,2,9,,36.80 N,128.53 E,경북 영주시 서쪽 9km 지역,지도,-
278,2016/07/09 13:16:48,2.6,-,,38.69 N,125.83 E,북한 황해북도 송림시 동남동쪽 18km 지역,지도,-
277,2016/07/09 4:47:52,2.3,18,,35.48 N,129.97 E,울산 동구 동쪽 50km 해역,지도,-
276,2016/07/05 21:24:35,2.6,24,,35.51 N,129.87 E,울산 동구 동쪽 41km 해역,지도,-
275,2016/07/05 20:33:03,5,19,,35.51 N,129.99 E,울산 동구 동쪽 52km 해역,지도,-
274,2016/06/25 3:24:52,2.6,1,,38.74 N,125.86 E,북한 황해북도 송림시 20km 지역,지도,-
273,2016/06/21 3:23:46,3.1,-,,39.49 N,126.19 E,북한 평안남도 성천군 북쪽 28km 지역,지도,-
272,2016/06/15 2:07:18,2.6,20,,35.87 N,129.69 E,경북 포항시 남구 동남동쪽 33km 해역,지도,-
271,2016/06/13 12:33:06,2.7,8,,34.30 N,124.68 E,전남 신안군 흑산면 서남서쪽 82km 해역,지도,-
270,2016/06/07 16:06:42,2.3,12,,33.05 N,126.17 E,제주 제주시 고산 남쪽 27km 해역,지도,-
269,2016/06/05 10:11:39,2.2,17,,36.00 N,129.58 E,경북 포항시 남구 동쪽 20km 해역,지도,-
268,2016/06/03 4:53:38,3,10,,36.39 N,127.92 E,경북 상주시 서쪽 22km 지역,지도,-
267,2016/05/24 4:52:21,2.3,16,,33.61 N,125.56 E,제주 제주시 고산 서북서쪽 66km 해역,지도,-
266,2016/05/22 1:22:47,3.5,21,,40.68 N,127.15 E,북한 함경남도 장진군 북북서쪽 34km 지역,지도,-
265,2016/05/03 3:29:09,2.4,2,,37.11 N,129.02 E,강원 태백시 남남동쪽 7km 지역,지도,-
264,2016/04/30 22:46:41,2.6,19,,37.75 N,125.40 E,북한 황해남도 옹진군 남쪽 20km 지역,지도,-
263,2016/04/28 10:16:43,2.4,10,,35.42 N,128.56 E,경남 창녕군 남남동쪽 15km 지역,지도,-
262,2016/04/27 19:27:00,2.3,15,,35.57 N,128.34 E,경남 합천군 동쪽 16km 지역,지도,-
261,2016/04/25 11:42:52,2.3,22,,33.51 N,125.91 E,제주 제주시 고산 북서쪽 34km 해역,지도,-
260,2016/04/21 15:55:04,2.7,10,,33.53 N,125.89 E,제주 제주시 고산 북서쪽 36km 해역,지도,-
259,2016/04/21 15:53:45,2.7,18,,33.52 N,125.92 E,제주 제주시 고산 북서쪽 34km 해역,지도,-
258,2016/04/13 5:28:39,2.1,17,,35.92 N,127.93 E,경북 김천시 남남서쪽 28km 지역,지도,-
257,2016/03/28 14:34:21,2.9,13,,35.22 N,127.96 E,경남 진주시 서북서쪽 12km 지역,지도,-
256,2016/03/27 18:28:35,3.1,7,,39.38 N,126.06 E,북한 평안남도 성천시 북서쪽 20km 지역,지도,-
255,2016/03/27 14:52:53,2.3,12,,35.33 N,130.04 E,울산 동구 동남동쪽 59km 해역,지도,-
254,2016/03/15 3:38:34,2.5,13,,37.60 N,129.82 E,강원 삼척시 동북동쪽 60km 해역,지도,-
253,2016/03/15 3:00:19,2.7,16,,36.31 N,128.21 E,경북 상주시 남남동쪽 12km 지역,지도,-
252,2016/03/14 5:17:05,3.1,8,,38.71 N,125.87 E,북한 황해북도 송림시 동쪽 21km 지역,지도,-
251,2016/03/05 11:11:53,3.3,-,,35.61 N,129.82 E,울산 동구 동북동쪽 38km 해역,지도,-
250,2016/03/02 14:04:43,2.7,3,,36.35 N,127.20 E,충남 공주시 남동쪽 13km 지역,지도,-
249,2016/02/28 16:52:38,2.5,6,,38.73 N,125.85 E,북한 황해북도 송림시 동쪽 19km 지역,지도,-
248,2016/02/26 18:46:12,2.2,14,,33.23 N,127.19 E,제주 서귀포시 성산 동남동쪽 34km 해역,지도,-
247,2016/02/24 23:22:12,2.9,20,,33.52 N,125.92 E,제주 제주시 고산 북서쪽 34km 해역,지도,-
246,2016/02/11 5:57:44,3.1,17,,36.21 N,127.48 E,충남 금산군 북쪽 12km 지역,지도,-
245,2016/01/31 3:03:02,2,28,,36.95 N,129.92 E,경북 울진군 동쪽 46 km 해역,지도,-
244,2016/01/25 18:40:20,2.3,20,,36.22 N,128.69 E,경북 의성군 남쪽 14km 지역,지도,-
243,2016/01/23 7:14:01,2.4,7,,38.42 N,126.25 E,북한 황해북도 평산군 북서쪽 16km 지역,지도,-
242,2016/01/06 20:39:04,3,7,,36.01 N,128.07 E,경북 김천시 남쪽 14km 지역,지도,-
241,2015/12/22 4:31:24,3.9,,,36.02 N,126.95 E,전북 익산시 북쪽 8km 지역,지도,-
240,2015/12/11 1:25:17,2.1,,,36.90 N,126.58 E,충남 당진시 서북서쪽 5km 지역,지도,-
239,2015/11/24 14:10:02,2.4,,,35.69 N,129.75 E,울산 동구 북동쪽 36km 해역,지도,-
238,2015/11/24 11:27:52,3.2,,,35.67 N,129.82 E,울산 동구 동북동쪽 41km 해역,지도,-
237,2015/11/13 20:04:33,2.6,,,35.80 N,129.42 E,경북 경주시 동남동쪽 19km 지역,지도,-
236,2015/10/30 15:17:29,2.9,,,35.74 N,129.37 E,경북 경주시 남동쪽 18km 지역,지도,-
235,2015/10/26 23:29:05,2.1,,,34.09 N,126.85 E,전남 완도군 남남동쪽 26km 해역,지도,-
234,2015/10/11 0:55:07,2.1,,,33.30 N,127.02 E,제주 서귀포시 성산 남동쪽 16km 해역,지도,-
233,2015/10/01 14:06:06,2.1,,,35.78 N,129.14 E,경북 경주시 남서쪽 9km 지역,지도,-
232,2015/10/01 9:21:25,2.5,,,35.78 N,129.14 E,경북 경주시 남서쪽 9km 지역,지도,-
231,2015/09/18 10:12:54,2.1,,,34.70 N,128.75 E,경남 통영시 매물도 동북동쪽 17km 해역,지도,-
230,2015/09/03 4:53:40,2.7,,,33.27 N,127.04 E,제주 서귀포시 성산 남동쪽 20km 해역,지도,-
229,2015/09/01 13:47:41,2.5,,,39.09 N,126.53 E,북한 평안남도 양덕 남서쪽 16km 지역,지도,-
228,2015/08/23 9:19:49,2.5,,,36.38 N,129.77 E,경북 영덕군 동쪽 36km 해역,지도,-
227,2015/08/17 16:56:23,2.5,,,37.20 N,125.38 E,인천 옹진군 연평도 남남서쪽 59km 해역,지도,-
226,2015/08/12 17:09:51,2.2,,,37.17 N,127.50 E,경기 이천시 남남동쪽 13km 지역,지도,-
225,2015/08/03 10:11:24,3.7,,,33.26 N,127.06 E,제주 서귀포시 성산 남동쪽 22km 해역,지도,-
224,2015/08/02 3:22:34,2.1,,,37.19 N,128.44 E,강원 영월군 서북서쪽 2km 지역,지도,-
223,2015/08/01 23:58:50,2.2,,,35.32 N,127.45 E,전남 구례군 북쪽 13km 지역,지도,-
222,2015/07/30 9:39:55,2.2,,,35.15 N,127.98 E,경남 사천시 북서쪽 12km 지역,지도,-
221,2015/07/23 4:02:14,2.6,,,33.22 N,127.05 E,제주 서귀포시 성산 남동쪽 24km 해역,지도,-
220,2015/07/20 1:33:01,2.2,,,33.26 N,127.21 E,제주 서귀포시 성산 동남동쪽 34km 해역,지도,-
219,2015/07/18 21:15:56,2.3,,,36.07 N,128.08 E,경북 김천시 남남서쪽 7km 지역,지도,-
218,2015/07/14 14:34:35,2.8,,,33.24 N,127.01 E,제주 서귀포시 성산 남동쪽 20km 해역,지도,-
217,2015/07/08 11:01:46,2,,,37.63 N,125.86 E,인천 옹진군 연평도 동남동쪽 14km 해역,지도,-
216,2015/07/04 8:49:09,2.1,,,36.32 N,128.18 E,경북 상주시 남쪽 10km 지역,지도,-
215,2015/06/22 12:44:46,2.4,,,36.35 N,127.24 E,충남 공주시 남동쪽 15km 지역,지도,-
214,2015/06/22 12:02:28,2.6,,,35.85 N,125.00 E,충남 태안군 서격렬비도 남남서쪽 96km 해역,지도,-
213,2015/06/17 0:55:05,2.3,,,38.41 N,125.57 E,북한 황해남도 안악 남남동쪽 13km 지역,지도,-
212,2015/06/07 20:54:01,2.1,,,33.79 N,126.16 E,제주 제주시 북서쪽 48km 해역,지도,-
211,2015/06/02 1:01:28,2,,,36.76 N,129.98 E,경북 울진군 동남동쪽 57km 해역,지도,-
210,2015/04/24 10:14:42,2.3,,,35.88 N,129.69 E,경북 포항시 남구 동남동쪽 33km 해역,지도,-
209,2015/04/21 2:05:40,2.1,,,35.88 N,129.75 E,경북 포항시 남구 동남동쪽 38km 해역,지도,-
208,2015/04/15 4:10:00,2.9,,,35.14 N,129.93 E,울산 동구 남동쪽 61km 해역,지도,-
207,2015/04/13 18:02:02,3.3,,,37.18 N,125.47 E,인천 옹진군 연평도 남남서쪽 58km 해역,지도,-
206,2015/03/19 16:20:18,2.7,,,36.43 N,127.65 E,충북 옥천군 북북동쪽 16km 지역,지도,-
205,2015/03/19 12:54:18,2.2,,,34.16 N,128.37 E,경남 통영시 욕지도 남남동쪽 54km 해역,지도,-
204,2015/03/10 13:10:34,2.7,,,37.36 N,125.15 E,인천 옹진군 연평도 남서쪽 59km 해역,지도,-
203,2015/02/23 4:54:14,2.7,,,32.96 N,126.25 E,제주 제주시 고산 남남동쪽 38km 해역,지도,-
202,2015/02/19 14:25:28,2.1,,,36.09 N,125.05 E,충남 태안군 서격렬비도 남서쪽 71km 해역,지도,-
201,2015/02/03 19:54:53,2.1,,,33.61 N,127.57 E,전남 여수시 거문도 남남동쪽 52km 해역,지도,-
200,2015/01/31 5:10:04,2.2,,,36.60 N,129.45 E,경북 영덕군 북북동쪽 22km 해역,지도,-
199,2015/01/08 20:15:18,3.5,,,37.51 N,125.63 E,인천 옹진군 연평도 남남서쪽 18km 해역,지도,-
198,2015/01/06 13:06:40,2.8,,,38.43 N,126.28 E,북한 황해북도 평산 북서쪽 17km 지역,지도,-
197,2014/12/30 15:36:36,2.6,,,35.21 N,124.79 E,전남 신안군 흑산면 북서쪽 88km 해역,지도,-
196,2014/12/24 20:33:19,2.1,,,35.89 N,127.33 E,전북 완주군 동쪽 15km 지역,지도,-
195,2014/12/15 9:08:00,2.1,,,39.09 N,126.52 E,북한 평안남도 양덕 남서쪽 16km 지역,지도,-
194,2014/12/08 5:28:57,3.3,,,34.75 N,127.17 E,전남 보성군 동남동쪽 8km 지역,지도,-
193,2014/11/15 3:31:39,2.5,,,38.77 N,126.36 E,북한 황해북도 신계 북북서쪽 34km 지역,지도,-
192,2014/11/06 14:48:49,2.3,,,33.34 N,125.89 E,제주 제주시 고산 서북서쪽 26km 해역,지도,-
191,2014/11/06 4:25:16,2.5,,,37.23 N,126.44 E,인천 옹진군 남남서쪽 30km 해역,지도,-
190,2014/10/28 19:07:07,2.2,,,38.00 N,125.34 E,북한 황해남도 옹진 북북동쪽 8km 지역,지도,-
189,2014/10/21 6:33:22,2.3,,,35.21 N,129.49 E,부산 기장군 동쪽 24km 해역,지도,-
188,2014/10/20 21:15:29,2.2,,,33.68 N,125.88 E,제주 제주시 고산 북북서쪽 50km 해역,지도,-
187,2014/10/19 19:57:17,2.6,,,36.44 N,128.19 E,경북 상주시 북동쪽 4km 지역,지도,-
186,2014/10/11 22:11:30,2.3,,,37.73 N,129.43 E,강원 동해시 북동쪽 36km 해역,지도,-
185,2014/10/07 1:57:17,2.9,,,33.30 N,125.96 E,제주 제주시 고산 서쪽 19km 해역,지도,-
184,2014/10/01 16:34:10,2.2,,,36.67 N,125.45 E,충남 태안군 서격렬비도 북서쪽 11km 해역,지도,-
183,2014/09/28 21:32:44,3.2,,,37.24 N,126.44 E,인천 옹진군 남서쪽 30km 지역,지도,-
182,2014/09/25 2:26:42,3.8,,,35.07 N,129.94 E,울산 동구 남동쪽 67km 해역,지도,-
181,2014/09/23 15:27:58,3.5,,,35.80 N,129.41 E,경북 경주시 동남동쪽 18km 지역,지도,-
180,2014/09/09 0:24:00,2.2,,,35.68 N,129.38 E,경북 경주시 남동쪽 23km 지역,지도,-
179,2014/08/21 22:30:43,2.7,,,33.87 N,127.83 E,전남 여수시 거문도 동남동쪽 51km 해역,지도,-
178,2014/08/18 5:13:55,2.1,,,36.57 N,125.64 E,충남 태안군 서격렬비도 동남동쪽 10km 해역,지도,-
177,2014/08/16 0:51:42,2.1,,,33.59 N,126.58 E,제주 제주시 북북동쪽 11km 해역,지도,-
176,2014/08/10 18:07:05,2.4,,,38.15 N,126.63 E,북한 개성 북북동쪽 21km 지역,지도,-
175,2014/08/05 6:16:36,2.5,,,40.11 N,127.20 E,북한 함경남도 신흥 서북서쪽 20km 지역,지도,-
174,2014/08/02 1:32:27,2.2,,,37.40 N,127.20 E,경기 광주시 서남서쪽 5km 지역,지도,-
173,2014/07/04 6:27:26,2.2,,,34.51 N,125.41 E,전남 신안군 흑산면 남남서쪽 17km 해역,지도,-
172,2014/07/04 4:13:15,2.9,,,35.66 N,129.78 E,울산 동구 동북동쪽 37km 해역,지도,-
171,2014/07/04 0:11:51,2.5,,,35.65 N,129.81 E,울산 동구 동북동쪽 39km 해역,지도,-
170,2014/07/03 22:04:37,2.6,,,35.66 N,129.82 E,울산 동구 동북동쪽 40km 해역,지도,-
169,2014/07/03 21:57:11,3.5,,,35.66 N,129.76 E,울산 동구 동북동쪽 35km 해역,지도,-
168,2014/06/21 8:29:30,2.6,,,38.77 N,125.89 E,북한 황해북도 송림 동쪽 22km 지역,지도,-
167,2014/06/18 9:59:21,2.1,,,35.91 N,128.66 E,대구 동구 북쪽 4km 지역,지도,-
166,2014/06/08 4:05:31,2.6,,,33.52 N,125.96 E,제주 제주시 고산 북서쪽 31km 해역,지도,-
165,2014/06/05 13:29:11,2.3,,,35.97 N,128.62 E,대구 동구 북쪽 10km 지역,지도,-
164,2014/05/15 8:46:51,3.4,,,33.00 N,126.21 E,제주 제주시 고산 남쪽 33km 해역,지도,-
163,2014/04/26 14:08:10,2.7,,,36.46 N,127.93 E,경북 상주시 서북서쪽 21km 지역,지도,-
162,2014/04/25 12:14:39,2.9,,,35.97 N,128.04 E,경북 김천시 남남서쪽 19km 지역,지도,-
161,2014/04/13 14:02:02,2.9,,,36.93 N,124.52 E,충남 태안군 서격렬비도 서북서쪽 97km 해역,지도,-
160,2014/04/12 1:44:49,2.6,,,33.52 N,126.90 E,제주 제주시 동쪽 34km 지역,지도,-
159,2014/04/08 6:19:14,2.7,,,36.96 N,124.44 E,충남 태안군 서격렬비도 서북서쪽 105km 해역,지도,-
158,2014/04/01 9:25:12,2.3,,,36.95 N,124.50 E,충남 태안군 서격렬비도 서북서쪽 100km 해역,지도,-
157,2014/04/01 4:48:35,5.1,,,36.95 N,124.50 E,충남 태안군 서격렬비도 서북서쪽 100km 해역,지도,-
156,2014/03/28 10:40:45,3,,,36.47 N,127.93 E,경북 상주시 서북서쪽 22km 지역,지도,-
155,2014/03/14 12:59:27,2.5,,,39.41 N,126.09 E,북한 평안남도 성천 북북서쪽 21km 지역,지도,-
154,2014/03/11 11:39:43,2.7,,,35.86 N,128.47 E,대구 달성군 서북서쪽 9km 지역,지도,-
153,2014/02/28 3:20:05,2.4,,,38.74 N,125.01 E,북한 남포 서쪽 22km 해역,지도,-
152,2014/02/22 20:44:23,2.6,,,38.31 N,124.27 E,북한 황해남도 용연군 장산곶 서북서쪽 42km 해역,지도,-
151,2014/02/21 21:17:21,2.7,,,35.05 N,127.75 E,전남 광양시 북북동쪽 13km 지역,지도,-
150,2014/02/05 23:06:01,2.8,,,38.26 N,124.40 E,북한 황해남도 용연군 장산곶 서북서쪽 29km 해역,지도,-
149,2014/01/29 6:08:44,2.2,,,36.23 N,128.80 E,경북 의성군 남동쪽 16km 지역,지도,-
148,2013/12/19 12:38:25,2.9,,,38.11 N,127.11 E,경기 연천군 동북동쪽 3km 지역,지도,-
147,2013/12/13 11:40:10,2.5,,,36.10 N,129.04 E,경북 영천시 북북동쪽 17km 지역,지도,-
146,2013/12/08 16:38:25,2.8,,,33.44 N,125.09 E,제주 제주시 고산 서쪽 101km 해역,지도,-
145,2013/12/04 6:28:06,2.4,,,38.71 N,125.69 E,북한 황해북도 송림 동남동쪽 6km 지역,지도,-
144,2013/12/03 21:00:39,2.5,,,35.64 N,128.72 E,경북 청도군 서남서쪽 2km 지역,지도,-
143,2013/12/02 20:02:58,2.8,,,38.56 N,126.10 E,북한 황해북도 사리원 동북동쪽 30km 지역,지도,-
142,2013/11/26 2:26:02,2.1,,,37.12 N,128.11 E,충북 제천시 서남서쪽 10km 지역,지도,-
141,2013/11/22 23:29:17,2.1,,,36.99 N,126.40 E,충남 서산시 북북서쪽 24km 지역,지도,-
140,2013/11/20 21:07:11,2.1,,,38.47 N,126.17 E,북한 황해북도 평산 북서쪽 25km 지역,지도,-
139,2013/11/16 22:32:45,2.1,,,38.51 N,125.66 E,북한 황해북도 사리원 서쪽 9km 지역,지도,-
138,2013/11/10 16:28:54,2,,,37.66 N,124.67 E,인천 백령도 남쪽 33km 해역,지도,-
137,2013/11/08 21:02:41,3,,,36.24 N,126.36 E,충남 보령시 서남서쪽 25km 해역,지도,-
136,2013/11/08 19:14:44,2.6,,,36.23 N,126.36 E,충남 보령시 서남서쪽 25km 해역,지도,-
135,2013/10/26 6:47:39,2.7,,,37.96 N,124.61 E,인천 백령도 서쪽 6km 해역,지도,-
134,2013/10/19 0:16:27,2,,,35.96 N,128.06 E,경북 김천시 남쪽 20km 지역,지도,-
133,2013/10/11 16:06:25,3.6,,,36.46 N,129.61 E,경북 영덕군 동북동쪽 22km 해역,지도,-
132,2013/10/10 13:08:11,2.6,,,35.36 N,128.23 E,경남 의령군 북서쪽 5km 지역,지도,-
131,2013/09/15 13:16:36,2.3,,,36.55 N,129.23 E,경북 영양군 남동쪽 16km 지역,지도,-
130,2013/09/14 17:33:35,2.2,,,36.20 N,126.16 E,충남 보령시 서남서쪽 43km 해역,지도,-
129,2013/09/11 13:00:31,4,,,33.56 N,125.39 E,전남 신안군 가거도 남남동쪽 60km 해역,지도,-
128,2013/08/29 8:35:23,2.5,,,38.19 N,129.30 E,강원 강릉시 북동쪽 60km 해역,지도,-
127,2013/08/13 0:36:47,3,,,36.91 N,129.44 E,경북 울진군 남남동쪽 10km 해역,지도,-
126,2013/08/13 0:01:30,2.1,,,36.92 N,129.44 E,경북 울진군 남남동쪽 8km 해역,지도,-
125,2013/08/12 4:39:34,2.3,,,35.66 N,129.77 E,울산 동구 동북동쪽 36km 해역,지도,-
124,2013/08/12 4:33:48,3.1,,,35.66 N,129.75 E,울산 동구 동북동쪽 35km 해역,지도,-
123,2013/08/11 4:19:36,2.3,,,38.48 N,126.13 E,북한 황해북도 평산 북서쪽 28km 지역,지도,-
122,2013/08/10 12:43:18,2.6,,,35.90 N,129.75 E,경북 포항시 남구 동남동쪽 37km 해역,지도,-
121,2013/08/07 21:08:46,2,,,36.19 N,126.08 E,충남 보령시 서남서쪽 51km 해역,지도,-
120,2013/08/04 19:58:28,2.3,,,36.20 N,126.16 E,충남 보령시 서남서쪽 43km 해역,지도,-
119,2013/08/01 17:22:37,3.1,,,36.19 N,126.17 E,충남 보령시 서남서쪽 43km 해역,지도,-
118,2013/08/01 0:57:45,2.8,,,36.23 N,126.22 E,충남 보령시 서남서쪽 37km 해역,지도,-
117,2013/07/31 22:30:21,3.2,,,36.21 N,126.18 E,충남 보령시 서남서쪽 41km 해역,지도,-
116,2013/07/31 20:27:00,2.2,,,36.20 N,126.17 E,충남 보령시 서남서쪽 43km 해역,지도,-
115,2013/07/31 20:05:26,2.2,,,36.21 N,126.17 E,충남 보령시 서남서쪽 42km 해역,지도,-
114,2013/07/30 14:57:02,2.7,,,36.21 N,126.14 E,충남 보령시 서남서쪽 45km 해역,지도,-
113,2013/07/29 10:29:17,2.7,,,36.20 N,126.13 E,충남 보령시 서남서쪽 46km 해역,지도,-
112,2013/07/28 9:10:24,2.8,,,36.20 N,126.14 E,충남 보령시 서남서쪽 45km 해역,지도,-
111,2013/07/26 11:23:35,2.2,,,36.19 N,126.14 E,충남 보령시 서남서쪽 45km 해역,지도,-
110,2013/07/23 16:03:54,2.7,,,36.19 N,126.16 E,충남 보령시 서남서쪽 44km 해역,지도,-
109,2013/07/15 19:44:39,2.5,,,36.20 N,126.15 E,충남 보령시 서남서쪽 44km 해역,지도,-
108,2013/07/15 1:39:10,2.4,,,33.03 N,125.68 E,제주 제주시 고산 서남서쪽 68km 해역,지도,-
107,2013/07/13 2:02:44,3.5,,,36.20 N,126.18 E,충남 보령시 서남서쪽 42km 해역,지도,-
106,2013/07/01 11:24:54,3,,,38.78 N,126.36 E,북한 황해북도 신계 북북서쪽 35km 지역,지도,-
105,2013/06/29 13:32:48,2.3,,,36.20 N,126.17 E,충남 보령시 서남서쪽 43km 해역,지도,-
104,2013/06/27 19:33:20,2.5,,,36.20 N,126.14 E,충남 보령시 서남서쪽 45km 해역,지도,-
103,2013/06/24 18:26:33,2.1,,,38.04 N,129.75 E,강원 동해시 북동쪽 80km 해역,지도,-
102,2013/06/24 5:28:38,2.3,,,36.20 N,126.17 E,충남 보령시 서남서쪽 43km 해역,지도,-
101,2013/06/22 11:18:37,2.3,,,36.20 N,126.17 E,충남 보령시 서남서쪽 43km 해역,지도,-
100,2013/06/22 10:37:24,2.8,,,36.19 N,126.16 E,충남 보령시 서남서쪽 44km 해역,지도,-
99,2013/06/22 3:51:36,2.5,,,36.20 N,126.17 E,충남 보령시 서남서쪽 43km 해역,지도,-
98,2013/06/21 21:55:06,2.4,,,36.20 N,126.19 E,충남 보령시 서남서쪽 41km 해역,지도,-
97,2013/06/21 16:29:31,2.2,,,36.19 N,126.14 E,충남 보령시 서남서쪽 45km 해역,지도,-
96,2013/06/20 12:35:57,2.4,,,39.23 N,125.95 E,북한 평안남도 평성 동쪽 8km 지역,지도,-
95,2013/06/19 16:02:42,2.6,,,36.19 N,126.16 E,충남 보령시 서남서쪽 44km 해역,지도,-
94,2013/06/19 1:52:25,2.3,,,36.20 N,126.16 E,충남 보령시 서남서쪽 43km 해역,지도,-
93,2013/06/18 2:31:15,2.3,,,36.21 N,126.18 E,충남 보령시 서남서쪽 41km 해역,지도,-
92,2013/06/17 20:31:04,2.4,,,36.20 N,126.17 E,충남 보령시 서남서쪽 43km 해역,지도,-
91,2013/06/16 22:12:27,2.5,,,36.20 N,126.16 E,충남 보령시 서남서쪽 43km 해역,지도,-
90,2013/06/16 19:47:43,2.1,,,36.19 N,126.15 E,충남 보령시 서남서쪽 45km 해역,지도,-
89,2013/06/10 14:01:28,2.1,,,37.71 N,124.70 E,인천 백령도 남쪽 27km 해역,지도,-
88,2013/06/08 5:56:59,3.2,,,35.14 N,126.96 E,광주 동구 동쪽 3km 지역,지도,-
87,2013/06/05 12:34:12,2.6,,,36.23 N,126.18 E,충남 보령시 서남서쪽 41km 해역,지도,-
86,2013/05/22 23:25:53,2.1,,,38.75 N,128.81 E,강원 고성군 북동쪽 51km 해역,지도,-
85,2013/05/21 16:17:53,3.7,,,37.66 N,124.71 E,인천 백령도 남쪽 33km 해역,지도,-
84,2013/05/19 5:27:13,2.3,,,37.73 N,124.74 E,인천 백령도 남남동쪽 25km 해역,지도,-
83,2013/05/18 16:18:48,2.1,,,37.69 N,124.61 E,인천 백령도 남남서쪽 30km해역,지도,-
82,2013/05/18 14:09:40,2.6,,,37.71 N,124.68 E,인천 백령도 남쪽 27km 해역,지도,-
81,2013/05/18 11:45:15,3.9,,,37.67 N,124.61 E,인천 백령도 남쪽 32km 해역,지도,-
80,2013/05/18 9:32:42,2.5,,,37.64 N,124.57 E,인천 백령도 남남서쪽 36km 해역,지도,-
79,2013/05/18 9:13:10,2.4,,,37.67 N,124.62 E,인천 백령도 남쪽 32km 해역,지도,-
78,2013/05/18 7:54:28,2.5,,,37.69 N,124.65 E,인천 백령도 남쪽 29km 해역,지도,-
77,2013/05/18 7:26:10,3.3,,,37.67 N,124.66 E,인천 백령도 남쪽 31km 해역,지도,-
76,2013/05/18 7:24:13,2.2,,,37.69 N,124.65 E,인천 백령도 남쪽 29km 해역,지도,-
75,2013/05/18 7:02:24,4.9,,,37.68 N,124.63 E,인천 백령도 남쪽 31km 해역,지도,-
74,2013/05/18 3:00:58,3.5,,,37.68 N,124.60 E,인천 백령도 남남동쪽 31km 해역,지도,-
73,2013/05/15 8:48:10,2.8,,,37.69 N,124.74 E,인천 백령도 남쪽 30km 해역,지도,-
72,2013/05/15 8:34:11,2.7,,,37.71 N,124.68 E,인천 백령도 남쪽 27km 해역,지도,-
71,2013/05/14 20:17:54,2.8,,,37.70 N,124.79 E,인천 백령도 남남동쪽 30km 해역,지도,-
70,2013/04/30 10:58:26,2,,,36.46 N,129.63 E,경북 영덕군 동북동쪽 24km 해역,지도,-
69,2013/04/30 5:26:51,2.5,,,36.47 N,129.61 E,경북 영덕군 동북동쪽 23km 해역,지도,-
68,2013/04/28 3:39:13,2.7,,,33.65 N,127.29 E,전남 여수시 거문도 남쪽 42km 해역,지도,-
67,2013/04/21 18:21:13,2.7,,,35.14 N,124.49 E,전남 신안군 흑산면 서북서쪽 105km 해역,지도,-
66,2013/04/21 8:21:27,4.9,,,35.16 N,124.56 E,전남 신안군 흑산면 북서쪽 101km 해역,지도,-
65,2013/04/19 23:46:14,2.2,,,36.55 N,129.60 E,경북 영덕군 북동쪽 26km 해역,지도,-
64,2013/04/17 21:33:38,2.3,,,36.56 N,129.61 E,경북 영덕군 북동쪽 27km 해역,지도,-
63,2013/04/14 16:16:20,2.3,,,38.20 N,129.29 E,강원 양양군 동북동쪽 60km 해역,지도,-
62,2013/04/10 13:07:16,2.2,,,36.50 N,127.44 E,충북 청원군 남남서쪽 16km 지역,지도,-
61,2013/02/07 22:07:29,2.2,,,35.76 N,129.13 E,경북 경주시 남서쪽 12km 지역,지도,-
60,2013/02/05 21:25:36,3.5,,,35.77 N,127.97 E,경남 거창군 북북동쪽 11km 지역,지도,-
59,2013/02/04 5:39:25,3.1,,,36.55 N,128.90 E,경북 안동시 동쪽 15km 지역,지도,-
58,2013/01/26 8:57:56,2.4,,,36.11 N,127.73 E,충북 영동군 남서쪽 9km 지역,지도,-
57,2013/01/15 13:31:34,2.8,,,36.59 N,129.73 E,경북 영덕군 동북동쪽 38km 해역,지도,-
56,2013/01/02 5:53:37,2.5,,,33.37 N,127.27 E,제주 서귀포시 성산 동쪽 36km 해역,지도,-
55,2012/12/19 15:05:02,2.2,,,35.72 N,127.22 E,전북 완주군 남남동쪽 21km 지역,지도,-
54,2012/11/22 3:04:54,3,,,35.22 N,127.97 E,경남 진주시 서북서쪽 11km 지역,지도,-
53,2012/10/17 14:37:41,2.5,,,37.54 N,124.84 E,인천 백령도 남남동쪽 48km 해역,지도,-
52,2012/10/01 6:51:24,2.4,,,36.73 N,128.40 E,경북 예천군 북북서쪽 10km 지역,지도,-
51,2012/09/28 19:36:35,2.1,,,36.41 N,128.73 E,경북 의성군 북북동쪽 7km 지역,지도,-
50,2012/09/27 22:24:47,2.7,,,35.40 N,126.08 E,전북 부안군 위도 남서쪽 30km 해역,지도,-
49,2012/09/24 9:59:10,2.5,,,38.73 N,125.48 E,북한 남포 남동쪽 4km 지역,지도,-
48,2012/09/20 2:43:45,2.4,,,35.61 N,129.82 E,울산 동구 동북동쪽 38km 해역,지도,-
47,2012/09/19 14:52:11,2.2,,,34.66 N,128.75 E,경남 통영시 매물도 동쪽 16km 해역,지도,-
46,2012/09/19 14:49:25,2.1,,,34.71 N,128.72 E,경남 통영시 매물도 동북동쪽 15km 해역,지도,-
45,2012/09/18 5:39:02,2.7,,,33.53 N,125.81 E,제주 제주시 고산 북서쪽 42km 해역,지도,-
44,2012/09/10 22:06:02,2.1,,,35.82 N,129.41 E,경북 경주시 동쪽 18km 지역,지도,-
43,2012/09/07 2:34:46,3.1,,,36.40 N,127.25 E,충남 공주시 동남동쪽 12km 지역,지도,-
42,2012/08/18 18:06:41,2.2,,,36.20 N,125.26 E,충남 태안군 서격렬비도 남남서쪽 51km 해역,지도,-
41,2012/08/13 0:54:08,2.2,,,36.84 N,128.68 E,경북 영주시 북동쪽 6km 지역,지도,-
40,2012/08/10 21:25:13,2.6,,,35.82 N,128.39 E,경북 고령군 북동쪽 16km 지역,지도,-
39,2012/07/29 3:22:12,2.7,,,32.85 N,126.02 E,제주 제주시 고산 남남서쪽 51km 해역,지도,-
38,2012/07/26 19:24:58,3.4,,,37.98 N,125.45 E,북한 황해남도 옹진 북동쪽 10km 지역,지도,-
37,2012/07/22 12:04:41,2.3,,,34.69 N,126.60 E,전남 영암군 남서쪽 15km 지역,지도,-
36,2012/07/14 2:38:27,2.6,,,33.78 N,124.97 E,전남 신안군 가거도 남남서쪽 34km 해역,지도,-
35,2012/07/11 19:33:13,2.1,,,36.87 N,125.28 E,충남 태안군 서격렬비도 북서쪽 38km 해역,지도,-
34,2012/07/11 19:27:30,2.5,,,36.90 N,125.27 E,충남 태안군 서격렬비도 북서쪽 41km 해역,지도,-
33,2012/07/09 8:59:14,2.4,,,35.32 N,128.71 E,경남 창원시 북북동쪽 11km지역,지도,-
32,2012/07/08 9:43:29,2.5,,,35.72 N,129.35 E,경북 경주시 남동쪽 18km 지역,지도,-
31,2012/07/03 9:42:07,2.2,,,37.19 N,129.08 E,강원 삼척시 남남서쪽 30km 지역,지도,-
30,2012/06/24 1:20:47,2.1,,,37.53 N,124.56 E,인천 백령도 남남서쪽 48km 해역,지도,-
29,2012/06/23 16:42:52,2.6,,,36.70 N,128.31 E,경북 문경시 북동쪽 17km 지역,지도,-
28,2012/06/19 20:55:24,3.1,,,33.48 N,125.93 E,제주 제주시 고산 북서쪽 30km 해역,지도,-
27,2012/06/14 6:15:19,2.1,,,39.72 N,126.92 E,북한 함경남도 요덕 북동쪽 10km지역,지도,-
26,2012/06/12 17:52:08,2.2,,,35.87 N,128.67 E,대구 수성구 동북동쪽 4km 지역,지도,-
25,2012/06/12 13:34:37,2.4,,,37.33 N,125.27 E,인천 옹진군 연평도 남서쪽 53km 해역,지도,-
24,2012/06/12 9:01:26,2.1,,,38.77 N,125.72 E,북한 황해북도 송림 동북동쪽 8km 지역,지도,-
23,2012/06/12 3:42:32,2.1,,,36.32 N,127.51 E,충북 옥천군 서북서쪽 6km 지역,지도,-
22,2012/06/05 8:18:41,2.1,,,38.43 N,126.16 E,북한 황해북도 평산 서북서쪽 23km 지역,지도,-
21,2012/06/01 12:05:43,2.6,,,37.12 N,125.96 E,인천 옹진군 덕적도 서남서쪽 20km 해역,지도,-
20,2012/06/01 8:09:37,2.3,,,35.92 N,127.61 E,전북 무주군 남남서쪽 10km 지역,지도,-
19,2012/05/30 2:48:11,3.4,,,36.57 N,129.57 E,경북 영덕군 북동쪽 25km 해역,지도,-
18,2012/05/16 17:50:15,2.7,,,36.23 N,128.49 E,경북 군위군 서쪽 8km 지역,지도,-
17,2012/05/15 11:05:12,2.9,,,35.92 N,129.62 E,경북 포항시 남구 동남동쪽 25km 해역,지도,-
16,2012/05/11 12:46:04,3.9,,,36.02 N,127.71 E,전북 무주군 동북동쪽 5km 지역,지도,-
15,2012/05/02 5:04:58,2.1,,,35.77 N,126.81 E,전북 김제시 서남서쪽 7km 지역,지도,-
14,2012/05/02 1:33:17,3.4,,,33.69 N,126.04 E,제주 제주시 고산 북북서쪽 46km 해역,지도,-
13,2012/04/20 21:11:02,3.1,,,33.43 N,127.26 E,제주 서귀포시 성산 동쪽 36km 해역,지도,-
12,2012/04/17 13:31:07,2.6,,,35.72 N,126.51 E,전북 부안군 서쪽 20km 해역,지도,-
11,2012/03/30 14:51:51,2.3,,,36.49 N,127.91 E,경북 상주시 서북서쪽 24km 지역,지도,-
10,2012/03/29 0:26:53,2.2,,,35.34 N,125.95 E,전북 부안군 위도 남서쪽 43km 해역,지도,-
9,2012/03/18 9:21:03,2.5,,,36.90 N,130.24 E,경북 울진군 동쪽 75km 해역,지도,-
8,2012/02/27 0:26:26,2.5,,,35.15 N,129.85 E,울산 동구 남동쪽 55km 해역,지도,-
7,2012/02/24 9:05:32,3.2,,,35.20 N,129.93 E,울산 동구 남동쪽 57km 해역,지도,-
6,2012/02/24 0:54:55,2.4,,,35.13 N,129.85 E,울산 동구 남동쪽 57km 해역,지도,-
5,2012/02/21 22:30:56,2.5,,,35.13 N,129.80 E,부산 기장군 동남동쪽 54km 해역,지도,-
4,2012/02/19 20:21:29,2.7,,,35.13 N,129.89 E,울산 동구 남동쪽 59km 해역,지도,-
3,2012/01/24 2:41:53,2.2,,,37.12 N,125.96 E,인천 옹진군 덕적도 서남서쪽 20km 해역,지도,-
2,2012/01/19 15:43:00,2.7,,,38.51 N,126.23 E,북한 황해북도 평산 북서쪽 24km 지역,지도,-
1,2012/01/16 3:03:54,2.2,,,36.79 N,128.75 E,경북 안동시 북쪽 25km 지역,지도,-